date,date_key,player_id,player_name,position,status,session_type,minutes,sRPE,external_load,total_accels,jump_count,avg_hr,internal_load,internal_load_7d,internal_load_28d,readiness_raw,readiness_score,load_pct_change,flag_load_spike,flag_low_readiness
2025-12-08,20251208,P01,Player 1,G,active,practice,79.3,6.3,201.9,91,77,165.0,499.59,499.59,499.59,0.0,1.7008535836331236,,False,False
2025-12-09,20251209,P01,Player 1,G,active,practice,93.5,5.3,221.9,105,71,150.0,495.55,995.14,995.14,-4.0,0.3825449236545087,0.9919133689625494,True,False
2025-12-10,20251210,P01,Player 1,G,active,conditioning,60.9,5.3,108.6,73,4,142.0,322.77,1317.9099999999999,1317.9099999999999,-10.0,-1.5949180663134135,0.3243463231304138,True,True
2025-12-11,20251211,P01,Player 1,G,active,lift,74.0,4.1,78.6,51,5,112.0,303.4,1621.31,1621.31,-10.0,-1.5949180663134135,0.23021298874733498,False,True
2025-12-12,20251212,P01,Player 1,G,active,practice,56.8,6.0,128.3,66,45,139.0,340.79999999999995,1962.11,1962.11,-2.0,1.041699253643816,0.2102003935089527,False,False
2025-12-13,20251213,P01,Player 1,G,active,game,20.2,6.5,64.4,36,32,163.0,131.29999999999998,2093.41,2093.41,-4.0,0.3825449236545087,0.0669177569045567,False,False
2025-12-14,20251214,P01,Player 1,G,active,off,0.0,0.0,0.0,0,0,,0.0,2093.41,2093.41,-2.0,1.041699253643816,0.0,False,False
2025-12-15,20251215,P01,Player 1,G,active,practice,70.5,7.0,147.1,103,73,161.0,493.5,2087.3199999999997,2586.91,-3.0,0.7121220886491624,-0.002909129124251897,False,False
2025-12-16,20251216,P01,Player 1,G,active,practice,84.8,5.9,163.3,111,66,153.0,500.32,2092.0899999999997,3087.23,-5.0,0.052967758659855015,0.002285226989632738,False,False
2025-12-17,20251217,P01,Player 1,G,active,conditioning,41.4,7.5,84.8,49,32,150.0,310.5,2079.8199999999997,3397.73,-6.0,-0.2766094063347987,-0.005864948448680463,False,False
2025-12-18,20251218,P01,Player 1,G,active,lift,62.9,4.5,83.2,72,5,141.0,283.05,2059.47,3680.7799999999997,-5.0,0.052967758659855015,-0.009784500581781042,False,False
2025-12-19,20251219,P01,Player 1,G,active,practice,85.9,4.5,183.4,100,79,157.0,386.55,2105.22,4067.33,-4.0,0.3825449236545087,0.02221445323311344,False,False
2025-12-20,20251220,P01,Player 1,G,active,game,26.6,6.6,61.2,5,29,148.0,175.56,2149.48,4242.889999999999,-3.0,0.7121220886491624,0.021023930990585304,False,False
2025-12-21,20251221,P01,Player 1,G,active,off,0.0,0.0,0.0,0,0,,0.0,2149.48,4242.889999999999,0.0,1.7008535836331236,0.0,False,False
2025-12-22,20251222,P01,Player 1,G,active,practice,101.7,5.2,234.2,152,31,150.0,528.84,2184.82,4771.73,-5.0,0.052967758659855015,0.01644118577516429,False,False
2025-12-23,20251223,P01,Player 1,G,active,practice,95.3,5.5,207.8,146,61,143.0,524.15,2208.65,5295.88,-1.0,1.3712764186384698,0.010907077013209365,False,False
2025-12-24,20251224,P01,Player 1,G,active,conditioning,50.4,7.5,78.0,49,23,167.0,378.0,2276.15,5673.88,-10.0,-1.5949180663134135,0.030561655309804703,False,True
2025-12-25,20251225,P01,Player 1,G,active,lift,63.9,4.2,51.6,53,0,129.0,268.38,2261.48,5942.26,-4.0,0.3825449236545087,-0.006445093688904557,False,False
2025-12-26,20251226,P01,Player 1,G,active,practice,103.2,8.2,180.1,97,68,155.0,846.2399999999999,2721.17,6788.5,-10.0,-1.5949180663134135,0.20326954030104183,False,True
2025-12-27,20251227,P01,Player 1,G,active,game,36.8,8.9,80.6,50,50,153.0,327.52,2873.13,7116.0199999999995,-12.0,-2.2540723963027207,0.055843626087308085,False,True
2025-12-28,20251228,P01,Player 1,G,active,off,0.0,0.0,0.0,0,0,,0.0,2873.13,7116.0199999999995,-6.0,-0.2766094063347987,0.0,False,False
2025-12-29,20251229,P01,Player 1,G,active,practice,52.6,2.9,104.3,83,66,164.0,152.54,2496.83,7268.5599999999995,-3.0,0.7121220886491624,-0.13097214536063462,False,False
2025-12-30,20251230,P01,Player 1,G,active,practice,67.8,3.1,149.8,85,56,155.0,210.18,2182.8599999999997,7478.74,-7.0,-0.6061865713294524,-0.12574744776376456,False,False
2025-12-31,20251231,P01,Player 1,G,active,conditioning,45.0,5.2,75.9,33,17,148.0,234.0,2038.86,7712.74,-3.0,0.7121220886491624,-0.06596850004123023,False,False
2026-01-01,20260101,P01,Player 1,G,active,lift,62.1,4.2,74.8,0,29,119.0,260.82,2031.3,7973.5599999999995,-4.0,0.3825449236545087,-0.0037079544451310564,False,False
2026-01-02,20260102,P01,Player 1,G,active,practice,71.4,6.0,139.6,88,55,140.0,428.40000000000003,1613.46,8401.96,-6.0,-0.2766094063347987,-0.20570078274996306,False,False
2026-01-03,20260103,P01,Player 1,G,active,game,28.8,7.6,90.0,63,62,149.0,218.88,1504.82,8620.84,-8.0,-0.935763736324106,-0.06733355645631134,False,False
2026-01-04,20260104,P01,Player 1,G,active,off,0.0,0.0,0.0,0,0,,0.0,1504.82,8620.84,-4.0,0.3825449236545087,0.0,False,False
2026-01-05,20260105,P01,Player 1,G,active,practice,83.2,4.0,172.2,100,59,161.0,332.8,1685.08,8454.05,-8.0,-0.935763736324106,0.1197884132321474,False,False
2026-01-06,20260106,P01,Player 1,G,active,practice,87.3,4.2,208.3,175,61,171.0,366.66,1841.56,8325.16,-1.0,1.3712764186384698,0.09286205996154484,False,False
2026-01-07,20260107,P01,Player 1,G,active,conditioning,51.6,7.1,99.8,25,16,150.0,366.36,1973.92,8368.75,-9.0,-1.2653409013187598,0.0718738460870132,False,True
2026-01-08,20260108,P01,Player 1,G,active,lift,40.4,5.6,46.0,15,4,149.0,226.23999999999998,1939.3400000000001,8291.59,-6.0,-0.2766094063347987,-0.017518440463645923,False,False
2026-01-09,20260109,P01,Player 1,G,active,practice,109.0,4.4,235.0,170,68,169.0,479.6,1990.54,8430.39,-10.0,-1.5949180663134135,0.026400734270421777,False,True
2026-01-10,20260110,P01,Player 1,G,active,game,26.9,5.6,66.8,35,47,155.0,150.64,1922.3000000000002,8449.73,-2.0,1.041699253643816,-0.03428215459121631,False,False
2026-01-11,20260111,P01,Player 1,G,active,off,0.0,0.0,0.0,0,0,,0.0,1922.3000000000002,8449.73,-4.0,0.3825449236545087,0.0,False,False
2026-01-12,20260112,P01,Player 1,G,active,practice,69.3,4.1,163.9,101,61,148.0,284.12999999999994,1873.6299999999999,8240.36,-3.0,0.7121220886491624,-0.025318628726005432,False,False
2026-01-13,20260113,P01,Player 1,G,active,practice,71.1,7.3,160.2,122,66,156.0,519.03,2026.0,8259.07,-7.0,-0.6061865713294524,0.08132342031244177,False,False
2026-01-14,20260114,P01,Player 1,G,active,conditioning,47.3,8.2,96.3,33,28,143.0,387.85999999999996,2047.4999999999998,8336.43,-6.0,-0.2766094063347987,0.010612043435340501,False,False
2026-01-15,20260115,P01,Player 1,G,active,lift,45.9,5.9,40.5,62,20,123.0,270.81,2092.0699999999997,8324.19,-3.0,0.7121220886491624,0.021768009768009744,False,False
2026-01-16,20260116,P01,Player 1,G,active,practice,111.8,5.9,210.3,153,54,157.0,659.62,2272.09,8597.26,-12.0,-2.2540723963027207,0.08604874597886325,False,True
2026-01-17,20260117,P01,Player 1,G,active,game,33.0,6.8,77.4,56,43,165.0,224.4,2345.85,8646.1,-6.0,-0.2766094063347987,0.03246350276617549,False,False
2026-01-18,20260118,P01,Player 1,G,active,off,0.0,0.0,0.0,0,0,,0.0,2345.85,8646.1,-6.0,-0.2766094063347987,0.0,False,False
2026-01-19,20260119,P01,Player 1,G,active,practice,99.6,6.6,228.6,118,55,,657.3599999999999,2719.08,8774.62,-6.0,-0.2766094063347987,0.15910224438902754,False,False
2026-01-20,20260120,P01,Player 1,G,active,practice,70.4,6.1,155.3,73,72,152.0,429.44,2629.4900000000002,8679.91,-11.0,-1.9244952313080672,-0.03294864439442746,False,True
2026-01-21,20260121,P01,Player 1,G,active,conditioning,64.3,4.8,119.7,67,0,161.0,308.64,2550.27,8610.550000000001,-3.0,0.7121220886491624,-0.030127515221582968,False,False
2026-01-22,20260122,P01,Player 1,G,active,lift,53.7,5.2,60.2,19,0,126.0,279.24,2558.7,8621.41,-7.0,-0.6061865713294524,0.0033055323553976557,False,False
2026-01-23,20260123,P01,Player 1,G,active,practice,66.0,5.4,118.8,53,63,149.0,356.40000000000003,2255.48,8131.57,-6.0,-0.2766094063347987,-0.11850549106968378,False,False
2026-01-24,20260124,P01,Player 1,G,active,game,23.5,9.3,62.6,0,37,158.0,218.55,2249.6299999999997,8022.6,-3.0,0.7121220886491624,-0.0025936829411036255,False,False
2026-01-25,20260125,P01,Player 1,G,active,off,0.0,0.0,0.0,0,0,,0.0,2249.6299999999997,8022.6,-3.0,0.7121220886491624,0.0,False,False
2026-01-26,20260126,P01,Player 1,G,active,practice,69.5,5.2,156.2,116,44,167.0,361.40000000000003,1953.67,8231.460000000001,-4.0,0.3825449236545087,-0.13155941199219412,False,False
2026-01-27,20260127,P01,Player 1,G,active,practice,71.0,2.5,133.0,62,65,163.0,177.5,1701.73,8198.78,-5.0,0.052967758659855015,-0.1289572957561922,False,False
2026-01-28,20260128,P01,Player 1,G,active,conditioning,51.9,5.8,91.1,63,24,155.0,301.02,1694.1100000000001,8265.8,-4.0,0.3825449236545087,-0.004477796125119671,False,False
2026-01-29,20260129,P01,Player 1,G,active,lift,60.8,5.6,65.1,52,0,123.0,340.47999999999996,1755.35,8345.460000000001,-2.0,1.041699253643816,0.03614877428266161,False,False
2026-01-30,20260130,P01,Player 1,G,active,practice,62.7,4.9,143.9,41,72,153.0,307.23,1706.1799999999998,8224.289999999999,-7.0,-0.6061865713294524,-0.02801150767653182,False,False
2026-01-31,20260131,P01,Player 1,G,active,game,34.8,5.7,87.0,43,54,154.0,198.35999999999999,1685.99,8203.769999999999,-5.0,0.052967758659855015,-0.011833452507941655,False,False
2026-02-01,20260201,P01,Player 1,G,active,off,0.0,0.0,0.0,0,0,,0.0,1685.99,8203.769999999999,1.0,2.030430748627777,0.0,False,False
2025-12-08,20251208,P02,Player 2,F,active,practice,92.4,6.2,195.4,92,64,153.0,572.88,572.88,572.88,-1.0,0.31291479742139994,,False,False
2025-12-09,20251209,P02,Player 2,F,active,practice,86.9,4.8,187.5,109,72,163.0,417.12,990.0,990.0,-8.0,-1.7661123312089184,0.728110599078341,True,True
2025-12-10,20251210,P02,Player 2,F,active,conditioning,47.1,7.3,65.7,45,15,155.0,343.83,1333.83,1333.83,-5.0,-0.8751007046530678,0.3473030303030302,True,False
2025-12-11,20251211,P02,Player 2,F,active,lift,43.4,4.7,47.4,0,10,124.0,203.98,1537.81,1537.81,-4.0,-0.5780968291344508,0.15292803430722057,False,False
2025-12-12,20251212,P02,Player 2,F,active,practice,86.8,5.8,189.4,106,69,157.0,503.43999999999994,2041.25,2041.25,-1.0,0.31291479742139994,0.3273746431613789,True,False
2025-12-13,20251213,P02,Player 2,F,active,game,25.0,6.5,71.1,32,41,152.0,162.5,2203.75,2203.75,-2.0,0.015910921902782992,0.07960808328230251,False,False
2025-12-14,20251214,P02,Player 2,F,active,off,0.0,0.0,0.0,0,0,,0.0,2203.75,2203.75,1.0,0.9069225484586337,0.0,False,False
2025-12-15,20251215,P02,Player 2,F,active,practice,106.0,5.4,255.3,110,62,147.0,572.4000000000001,2203.27,2776.15,-1.0,0.31291479742139994,-0.00021781055019853834,False,False
2025-12-16,20251216,P02,Player 2,F,active,practice,95.7,6.8,192.5,91,53,178.0,650.76,2436.91,3426.91,-1.0,0.31291479742139994,0.10604238245879971,False,False
2025-12-17,20251217,P02,Player 2,F,active,conditioning,54.7,7.0,86.4,60,19,134.0,382.90000000000003,2475.98,3809.81,-3.0,-0.2810929536158339,0.01603259865977824,False,False
2025-12-18,20251218,P02,Player 2,F,active,lift,53.9,4.4,62.3,38,14,133.0,237.16000000000003,2509.16,4046.9700000000003,-9.0,-2.0631162067275355,0.013400754448743557,False,True
2025-12-19,20251219,P02,Player 2,F,active,practice,81.7,5.0,158.6,82,67,146.0,408.5,2414.2200000000003,4455.47,-7.0,-1.4691084556903016,-0.03783736389867509,False,True
2025-12-20,20251220,P02,Player 2,F,active,game,35.0,8.4,73.6,10,60,151.0,294.0,2545.7200000000003,4749.47,-4.0,-0.5780968291344508,0.05446893820778542,False,False
2025-12-21,20251221,P02,Player 2,F,active,off,0.0,0.0,0.0,0,0,,0.0,2545.7200000000003,4749.47,1.0,0.9069225484586337,0.0,False,False
2025-12-22,20251222,P02,Player 2,F,active,practice,95.9,3.7,214.6,120,73,162.0,354.83000000000004,2328.15,5104.3,-3.0,-0.2810929536158339,-0.08546501579121035,False,False
2025-12-23,20251223,P02,Player 2,F,active,practice,97.3,4.4,211.3,101,60,159.0,428.12,2105.51,5532.42,5.0,2.0949380505331017,-0.09562957713205755,False,False
2025-12-24,20251224,P02,Player 2,F,active,conditioning,59.6,7.2,113.6,50,22,158.0,429.12,2151.73,5961.54,-6.0,-1.1721045801716847,0.021951926136660305,False,True
2025-12-25,20251225,P02,Player 2,F,active,lift,52.4,4.6,51.4,22,17,127.0,241.03999999999996,2155.61,6202.58,-3.0,-0.2810929536158339,0.0018032002156405103,False,False
2025-12-26,20251226,P02,Player 2,F,active,practice,86.5,4.7,188.8,102,81,168.0,406.55,2153.66,6609.13,-4.0,-0.5780968291344508,-0.0009046163267011353,False,False
2025-12-27,20251227,P02,Player 2,F,active,game,37.3,5.5,91.7,45,54,160.0,205.14999999999998,2064.81,6814.28,-7.0,-1.4691084556903016,-0.041255351355367065,False,True
2025-12-28,20251228,P02,Player 2,F,active,off,0.0,0.0,0.0,0,0,,0.0,2064.81,6814.28,-1.0,0.31291479742139994,0.0,False,False
2025-12-29,20251229,P02,Player 2,F,active,practice,65.1,4.5,164.9,60,81,158.0,292.95,2002.93,7107.23,0.0,0.6099186729400169,-0.029968859120209523,False,False
2025-12-30,20251230,P02,Player 2,F,active,practice,40.5,3.8,63.4,73,49,155.0,153.9,1728.71,7261.13,-1.0,0.31291479742139994,-0.1369094276884365,False,False
2025-12-31,20251231,P02,Player 2,F,active,conditioning,41.3,6.1,55.7,27,21,145.0,251.92999999999998,1551.52,7513.06,1.0,0.9069225484586337,-0.10249839475678402,False,False
2026-01-01,20260101,P02,Player 2,F,active,lift,35.6,6.6,30.1,16,12,141.0,234.96,1545.44,7748.02,2.0,1.203926423977251,-0.003918737753944468,False,False
2026-01-02,20260102,P02,Player 2,F,active,practice,61.9,4.5,154.3,81,67,156.0,278.55,1417.44,8026.57,-1.0,0.31291479742139994,-0.0828243089346723,False,False
2026-01-03,20260103,P02,Player 2,F,active,game,29.4,8.3,78.6,7,44,162.0,244.02,1456.3100000000002,8270.59,-1.0,0.31291479742139994,0.027422677503104342,False,False
2026-01-04,20260104,P02,Player 2,F,active,off,0.0,0.0,0.0,0,0,,0.0,1456.3100000000002,8270.59,3.0,1.5009302994958678,0.0,False,False
2026-01-05,20260105,P02,Player 2,F,active,practice,70.8,5.2,168.8,117,54,160.0,368.16,1531.52,8065.87,1.0,0.9069225484586337,0.05164422410063785,False,False
2026-01-06,20260106,P02,Player 2,F,active,practice,87.4,4.5,187.1,109,54,167.0,393.3,1770.92,8042.05,1.0,0.9069225484586337,0.15631529460927718,False,False
2026-01-07,20260107,P02,Player 2,F,active,conditioning,63.4,5.9,113.2,46,20,151.0,374.06,1893.0500000000002,8072.280000000001,-5.0,-0.8751007046530678,0.06896415422492264,False,False
2026-01-08,20260108,P02,Player 2,F,active,lift,58.5,5.2,72.3,21,18,124.0,304.2,1962.2900000000002,8172.5,-4.0,-0.5780968291344508,0.03657589604078071,False,False
2026-01-09,20260109,P02,Player 2,F,active,practice,83.8,5.5,176.2,100,55,157.0,460.9,2144.6400000000003,8129.96,-4.0,-0.5780968291344508,0.09292714124823553,False,False
2026-01-10,20260110,P02,Player 2,F,active,game,19.2,7.1,43.9,59,41,,136.32,2036.94,8103.78,-4.0,-0.5780968291344508,-0.05021821844225616,False,False
2026-01-11,20260111,P02,Player 2,F,active,off,0.0,0.0,0.0,0,0,,0.0,2036.94,8103.78,-3.0,-0.2810929536158339,0.0,False,False
2026-01-12,20260112,P02,Player 2,F,active,practice,87.6,3.9,215.2,110,72,153.0,341.64,2010.42,7873.02,-4.0,-0.5780968291344508,-0.013019529293940901,False,False
2026-01-13,20260113,P02,Player 2,F,active,practice,113.7,5.3,174.1,109,89,162.0,602.61,2219.73,7824.87,-5.0,-0.8751007046530678,0.10411257349210601,False,False
2026-01-14,20260114,P02,Player 2,F,active,conditioning,64.0,5.5,106.6,56,18,142.0,352.0,2197.67,7793.969999999999,-7.0,-1.4691084556903016,-0.009938145630324358,False,True
2026-01-15,20260115,P02,Player 2,F,active,lift,56.2,5.6,55.1,15,24,128.0,314.71999999999997,2208.19,7871.53,-3.0,-0.2810929536158339,0.004786887931309103,False,False
2026-01-16,20260116,P02,Player 2,F,active,practice,62.7,4.5,122.9,83,79,156.0,282.15000000000003,2029.44,7745.18,-3.0,-0.2810929536158339,-0.08094865025201636,False,False
2026-01-17,20260117,P02,Player 2,F,active,game,20.7,7.2,49.5,27,59,144.0,149.04,2042.1599999999999,7600.22,0.0,0.6099186729400169,0.006267738883632745,False,False
2026-01-18,20260118,P02,Player 2,F,active,off,0.0,0.0,0.0,0,0,,0.0,2042.1599999999999,7600.22,1.0,0.9069225484586337,0.0,False,False
2026-01-19,20260119,P02,Player 2,F,active,practice,75.4,5.4,168.4,74,63,153.0,407.1600000000001,2107.6800000000003,7652.55,1.0,0.9069225484586337,0.03208367610765084,False,False
2026-01-20,20260120,P02,Player 2,F,active,practice,126.1,7.9,247.0,139,76,161.0,996.19,2501.26,8220.62,-5.0,-0.8751007046530678,0.1867361269262886,False,False
2026-01-21,20260121,P02,Player 2,F,active,conditioning,65.5,6.6,119.4,36,28,161.0,432.29999999999995,2581.56,8223.8,-9.0,-2.0631162067275355,0.03210381967488374,False,True
2026-01-22,20260122,P02,Player 2,F,active,lift,41.4,4.4,40.1,37,12,141.0,182.16,2449.0,8164.92,-6.0,-1.1721045801716847,-0.051348796851516165,False,True
2026-01-23,20260123,P02,Player 2,F,active,practice,90.2,5.0,214.0,90,56,143.0,451.0,2617.85,8209.37,-4.0,-0.5780968291344508,0.06894650877909347,False,False
2026-01-24,20260124,P02,Player 2,F,active,game,22.4,8.0,51.3,33,60,144.0,179.2,2648.01,8183.42,-1.0,0.31291479742139994,0.011520904559084943,False,False
2026-01-25,20260125,P02,Player 2,F,active,off,0.0,0.0,0.0,0,0,,0.0,2648.01,8183.42,-4.0,-0.5780968291344508,0.0,False,False
2026-01-26,20260126,P02,Player 2,F,active,practice,47.4,3.3,97.0,59,67,,156.42,2397.27,8046.889999999999,2.0,1.203926423977251,-0.09468997473574503,False,False
2026-01-27,20260127,P02,Player 2,F,active,practice,52.0,6.7,103.6,87,91,169.0,348.40000000000003,1749.48,8241.39,6.0,2.3919419260517185,-0.2702198751079352,False,False
2026-01-28,20260128,P02,Player 2,F,active,conditioning,44.8,4.3,80.6,47,20,164.0,192.64,1509.82,8182.099999999999,2.0,1.203926423977251,-0.13698927681368178,False,False
2026-01-29,20260129,P02,Player 2,F,active,lift,40.3,4.6,51.0,46,10,129.0,185.37999999999997,1513.0399999999997,8132.5199999999995,-3.0,-0.2810929536158339,0.002132704560808385,False,False
2026-01-30,20260130,P02,Player 2,F,active,practice,35.4,5.7,66.9,26,77,158.0,201.78,1263.8200000000002,8055.75,1.0,0.9069225484586337,-0.1647147464706813,False,False
2026-01-31,20260131,P02,Player 2,F,active,game,30.5,6.1,86.7,24,55,161.0,186.04999999999998,1270.67,7997.78,0.0,0.6099186729400169,0.0054200756436832975,False,False
2026-02-01,20260201,P02,Player 2,F,active,off,0.0,0.0,0.0,0,0,,0.0,1270.67,7997.78,4.0,1.7979341750144846,0.0,False,False
2025-12-08,20251208,P03,Player 3,W,active,practice,87.1,6.3,187.6,73,65,145.0,548.7299999999999,548.7299999999999,548.7299999999999,-1.0,0.2377105307214772,,False,False
2025-12-09,20251209,P03,Player 3,W,active,practice,82.4,6.3,164.1,62,70,139.0,519.12,1067.85,1067.85,-4.0,-0.9033000167416133,0.9460390355912747,True,False
2025-12-10,20251210,P03,Player 3,W,active,conditioning,36.7,5.6,72.5,54,11,149.0,205.52,1273.37,1273.37,-5.0,-1.2836368658959767,0.19246148803670926,False,True
2025-12-11,20251211,P03,Player 3,W,active,lift,61.0,3.9,78.4,32,1,132.0,237.9,1511.27,1511.27,-1.0,0.2377105307214772,0.18682708089557631,False,False
2025-12-12,20251212,P03,Player 3,W,active,practice,119.6,5.7,242.9,127,62,156.0,681.72,2192.99,2192.99,-4.0,-0.9033000167416133,0.45109080442277016,True,False
2025-12-13,20251213,P03,Player 3,W,active,game,31.3,8.8,66.9,43,33,144.0,275.44000000000005,2468.4300000000003,2468.4300000000003,-4.0,-0.9033000167416133,0.12560020793528492,False,False
2025-12-14,20251214,P03,Player 3,W,active,off,0.0,0.0,0.0,0,0,,0.0,2468.4300000000003,2468.4300000000003,0.0,0.6180473798758407,0.0,False,False
2025-12-15,20251215,P03,Player 3,W,active,practice,119.7,7.2,208.1,95,75,155.0,861.84,2781.54,3330.27,0.0,0.6180473798758407,0.12684580887446661,False,False
2025-12-16,20251216,P03,Player 3,W,active,practice,61.8,6.1,120.2,43,53,146.0,376.97999999999996,2639.4,3707.25,-3.0,-0.5229631675872498,-0.051101188550227494,False,False
2025-12-17,20251217,P03,Player 3,W,active,conditioning,63.6,7.5,109.2,50,25,170.0,477.0,2910.88,4184.25,-10.0,-3.185321111667794,0.10285670985830109,False,True
2025-12-18,20251218,P03,Player 3,W,active,lift,46.3,6.3,47.5,51,11,145.0,291.69,2964.67,4475.9400000000005,-2.0,-0.1426263184328863,0.01847894794701266,False,False
2025-12-19,20251219,P03,Player 3,W,active,practice,57.9,5.2,134.7,51,74,131.0,301.08,2584.0299999999997,4777.02,-6.0,-1.6639737150503402,-0.1283920301416348,False,True
2025-12-20,20251220,P03,Player 3,W,active,game,24.8,8.0,58.8,23,52,164.0,198.4,2506.9900000000002,4975.42,-2.0,-0.1426263184328863,-0.029813895349511954,False,False
2025-12-21,20251221,P03,Player 3,W,active,off,0.0,0.0,0.0,0,0,,0.0,2506.99,4975.42,0.0,0.6180473798758407,-2.220446049250313e-16,False,False
2025-12-22,20251222,P03,Player 3,W,active,practice,94.2,5.9,252.7,117,64,149.0,555.7800000000001,2200.9300000000003,5531.2,0.0,0.6180473798758407,-0.12208265689133169,False,False
2025-12-23,20251223,P03,Player 3,W,active,practice,70.7,5.6,154.6,64,72,139.0,395.92,2219.8700000000003,5927.12,2.0,1.3787210781845676,0.008605453149350462,False,False
2025-12-24,20251224,P03,Player 3,W,active,conditioning,79.5,5.0,123.2,82,22,153.0,397.5,2140.3700000000003,6324.62,-8.0,-2.424647413359067,-0.0358129079630789,False,True
2025-12-25,20251225,P03,Player 3,W,active,lift,68.3,5.7,61.8,13,2,137.0,389.31,2237.9900000000002,6713.93,-5.0,-1.2836368658959767,0.04560893677261402,False,True
2025-12-26,20251226,P03,Player 3,W,active,practice,79.0,7.3,172.8,100,71,156.0,576.6999999999999,2513.61,7290.63,-3.0,-0.5229631675872498,0.12315515261462284,False,False
2025-12-27,20251227,P03,Player 3,W,active,game,17.1,8.1,45.2,39,58,143.0,138.51000000000002,2453.7200000000003,7429.14,1.0,0.9983842290302042,-0.02382628967898759,False,False
2025-12-28,20251228,P03,Player 3,W,active,off,0.0,0.0,0.0,0,0,,0.0,2453.7200000000003,7429.14,1.0,0.9983842290302042,0.0,False,False
2025-12-29,20251229,P03,Player 3,W,active,practice,70.6,5.0,124.2,96,48,163.0,353.0,2250.9399999999996,7782.14,0.0,0.6180473798758407,-0.08264186622760572,False,False
2025-12-30,20251230,P03,Player 3,W,active,practice,63.0,5.1,152.4,74,75,137.0,321.29999999999995,2176.3199999999997,8103.4400000000005,1.0,0.9983842290302042,-0.03315059486259064,False,False
2025-12-31,20251231,P03,Player 3,W,active,conditioning,51.9,5.6,99.6,65,23,176.0,290.64,2069.46,8394.08,0.0,0.6180473798758407,-0.04910123511248332,False,False
2026-01-01,20260101,P03,Player 3,W,active,lift,41.7,4.0,50.5,16,0,159.0,166.8,1846.95,8560.88,1.0,0.9983842290302042,-0.10752080252819574,False,False
2026-01-02,20260102,P03,Player 3,W,active,practice,58.3,4.5,111.9,77,67,152.0,262.34999999999997,1532.6,8823.23,-1.0,0.2377105307214772,-0.17019951812447554,False,False
2026-01-03,20260103,P03,Player 3,W,active,game,19.3,6.7,52.9,30,36,128.0,129.31,1523.3999999999999,8952.54,-1.0,0.2377105307214772,-0.006002870938274896,False,False
2026-01-04,20260104,P03,Player 3,W,active,off,0.0,0.0,0.0,0,0,,0.0,1523.3999999999999,8952.54,-3.0,-0.5229631675872498,0.0,False,False
2026-01-05,20260105,P03,Player 3,W,active,practice,88.3,6.2,201.4,108,69,143.0,547.46,1717.86,8951.27,2.0,1.3787210781845676,0.12764868058290668,False,False
2026-01-06,20260106,P03,Player 3,W,active,practice,77.4,4.4,194.2,98,74,141.0,340.56000000000006,1737.12,8772.71,-2.0,-0.1426263184328863,0.011211623764451062,False,False
2026-01-07,20260107,P03,Player 3,W,active,conditioning,52.2,3.4,90.8,36,10,149.0,177.48000000000002,1623.96,8744.67,-5.0,-1.2836368658959767,-0.0651423045040066,False,True
2026-01-08,20260108,P03,Player 3,W,active,lift,38.6,2.7,42.4,45,0,128.0,104.22000000000001,1561.3799999999999,8610.99,0.0,0.6180473798758407,-0.03853543190718989,False,False
2026-01-09,20260109,P03,Player 3,W,active,practice,77.1,5.4,172.8,84,74,157.0,416.34,1715.3700000000001,8345.61,-4.0,-0.9033000167416133,0.09862429389386329,False,False
2026-01-10,20260110,P03,Player 3,W,active,game,38.8,7.2,96.9,85,52,141.0,279.36,1865.42,8349.53,-1.0,0.2377105307214772,0.0874738394632062,False,False
2026-01-11,20260111,P03,Player 3,W,active,off,0.0,0.0,0.0,0,0,,0.0,1865.42,8349.53,-1.0,0.2377105307214772,0.0,False,False
2026-01-12,20260112,P03,Player 3,W,active,practice,73.8,5.5,150.9,118,62,155.0,405.9,1723.8600000000001,7893.589999999999,-1.0,0.2377105307214772,-0.0758863955570327,False,False
2026-01-13,20260113,P03,Player 3,W,active,practice,85.8,5.8,179.3,108,78,147.0,497.64,1880.94,8014.25,-3.0,-0.5229631675872498,0.09112108871950153,False,False
2026-01-14,20260114,P03,Player 3,W,active,conditioning,65.0,3.9,105.4,41,20,144.0,253.5,1956.96,7790.75,-1.0,0.2377105307214772,0.040415962231650226,False,False
2026-01-15,20260115,P03,Player 3,W,active,lift,62.2,4.1,66.0,35,9,141.0,255.01999999999998,2107.76,7754.08,0.0,0.6180473798758407,0.07705829449758816,False,False
2026-01-16,20260116,P03,Player 3,W,active,practice,70.4,6.0,171.2,101,57,140.0,422.40000000000003,2113.8199999999997,7875.4,-2.0,-0.1426263184328863,0.0028750901430900644,False,False
2026-01-17,20260117,P03,Player 3,W,active,game,29.9,7.1,78.1,35,58,153.0,212.29,2046.75,7889.29,-1.0,0.2377105307214772,-0.031729286315769434,False,False
2026-01-18,20260118,P03,Player 3,W,active,off,0.0,0.0,0.0,0,0,,0.0,2046.75,7889.29,2.0,1.3787210781845676,0.0,False,False
2026-01-19,20260119,P03,Player 3,W,active,practice,87.4,5.0,188.6,103,75,156.0,437.0,2077.85,7770.51,-2.0,-0.1426263184328863,0.015194821057774366,False,False
2026-01-20,20260120,P03,Player 3,W,active,practice,88.9,5.2,156.2,95,48,164.0,462.28000000000003,2042.49,7836.87,-2.0,-0.1426263184328863,-0.017017590297663365,False,False
2026-01-21,20260121,P03,Player 3,W,active,conditioning,61.9,6.3,113.3,60,0,152.0,389.96999999999997,2178.96,7829.34,-5.0,-1.2836368658959767,0.06681550460467367,False,True
2026-01-22,20260122,P03,Player 3,W,active,lift,38.9,5.5,44.3,0,30,127.0,213.95,2137.89,7653.98,-2.0,-0.1426263184328863,-0.01884844145831044,False,False
2026-01-23,20260123,P03,Player 3,W,active,practice,83.4,6.0,158.8,103,55,155.0,500.40000000000003,2215.89,7577.68,-3.0,-0.5229631675872498,0.03648457123612525,False,False
2026-01-24,20260124,P03,Player 3,W,active,game,16.9,5.7,45.9,26,24,161.0,96.33,2099.93,7535.5,3.0,1.759057927338931,-0.05233111751937147,False,False
2026-01-25,20260125,P03,Player 3,W,active,off,0.0,0.0,0.0,0,0,,0.0,2099.93,7535.5,5.0,2.5197316256476583,0.0,False,False
2026-01-26,20260126,P03,Player 3,W,active,practice,79.1,5.7,183.3,89,78,157.0,450.87,2113.8,7633.37,1.0,0.9983842290302042,0.006604982070831156,False,False
2026-01-27,20260127,P03,Player 3,W,active,practice,53.9,5.3,113.3,59,66,153.0,285.66999999999996,1937.19,7597.74,0.0,0.6180473798758407,-0.08355095089412434,False,False
2026-01-28,20260128,P03,Player 3,W,active,conditioning,48.7,6.2,86.8,41,5,162.0,301.94000000000005,1849.16,7609.04,-3.0,-0.5229631675872498,-0.04544210944718896,False,False
2026-01-29,20260129,P03,Player 3,W,active,lift,51.4,4.0,49.8,72,5,132.0,205.6,1840.81,7647.84,-3.0,-0.5229631675872498,-0.004515563823573987,False,False
2026-01-30,20260130,P03,Player 3,W,active,practice,77.7,5.2,148.6,99,80,,404.04,1744.4499999999998,7789.53,-4.0,-0.9033000167416133,-0.05234652136831075,False,False
2026-01-31,20260131,P03,Player 3,W,active,game,27.3,7.1,61.9,30,44,161.0,193.82999999999998,1841.95,7854.05,0.0,0.6180473798758407,0.05589154174668254,False,False
2026-02-01,20260201,P03,Player 3,W,active,off,0.0,0.0,0.0,0,0,,0.0,1841.95,7854.05,-2.0,-0.1426263184328863,0.0,False,False
2025-12-08,20251208,P04,Player 4,F,active,practice,92.2,5.4,189.3,92,60,160.0,497.88000000000005,497.88000000000005,497.88000000000005,0.0,1.3280503774899415,,False,False
2025-12-09,20251209,P04,Player 4,F,active,practice,83.4,6.3,189.4,92,75,142.0,525.4200000000001,1023.3000000000002,1023.3000000000002,-5.0,-0.4426834591633138,1.05531453362256,True,False
2025-12-10,20251210,P04,Player 4,F,active,conditioning,71.4,8.2,154.7,100,20,163.0,585.48,1608.7800000000002,1608.7800000000002,-9.0,-1.8592705284859181,0.572148929932571,True,True
2025-12-11,20251211,P04,Player 4,F,active,lift,39.6,3.6,43.1,0,6,112.0,142.56,1751.3400000000001,1751.3400000000001,-3.0,0.2656100754979883,0.08861373214485502,False,False
2025-12-12,20251212,P04,Player 4,F,active,practice,91.5,5.8,206.4,123,58,142.0,530.6999999999999,2282.04,2282.04,-4.0,-0.08853669183266276,0.3030251121998011,True,False
2025-12-13,20251213,P04,Player 4,F,active,game,31.9,8.2,71.3,15,44,161.0,261.58,2543.6200000000003,2543.6200000000003,-1.0,0.9739036101592904,0.11462551050814196,False,False
2025-12-14,20251214,P04,Player 4,F,active,off,0.0,0.0,0.0,0,0,,0.0,2543.6200000000003,2543.6200000000003,-6.0,-0.7968302264939648,0.0,False,False
2025-12-15,20251215,P04,Player 4,F,active,practice,86.9,6.0,184.5,122,72,149.0,521.4000000000001,2567.1400000000003,3065.0200000000004,-2.0,0.6197568428286393,0.009246664202986254,False,False
2025-12-16,20251216,P04,Player 4,F,active,practice,99.9,6.0,216.5,108,80,153.0,599.4000000000001,2641.12,3664.42,-3.0,0.2656100754979883,0.028818062123608268,False,False
2025-12-17,20251217,P04,Player 4,F,active,conditioning,53.9,3.8,91.7,56,20,156.0,204.82,2260.46,3869.2400000000002,-4.0,-0.08853669183266276,-0.14412824862179674,False,False
2025-12-18,20251218,P04,Player 4,F,active,lift,44.4,3.9,45.9,39,12,137.0,173.16,2291.06,4042.4,-6.0,-0.7968302264939648,0.013537067676490544,False,False
2025-12-19,20251219,P04,Player 4,F,active,practice,114.9,6.7,253.7,101,53,148.0,769.83,2530.19,4812.2300000000005,-6.0,-0.7968302264939648,0.10437526734350033,False,False
2025-12-20,20251220,P04,Player 4,F,active,game,21.9,7.2,55.0,25,38,136.0,157.68,2426.2900000000004,4969.910000000001,-10.0,-2.213417295816569,-0.04106410980993502,False,True
2025-12-21,20251221,P04,Player 4,F,active,off,0.0,0.0,0.0,0,0,,0.0,2426.2900000000004,4969.910000000001,-2.0,0.6197568428286393,0.0,False,False
2025-12-22,20251222,P04,Player 4,F,active,practice,77.8,6.2,149.1,70,53,151.0,482.36,2387.25,5452.27,-6.0,-0.7968302264939648,-0.016090409637759873,False,False
2025-12-23,20251223,P04,Player 4,F,active,practice,79.1,4.1,125.6,63,67,146.0,324.30999999999995,2112.16,5776.58,-1.0,0.9739036101592904,-0.1152330086920097,False,False
2025-12-24,20251224,P04,Player 4,F,active,conditioning,39.7,5.5,69.2,80,9,137.0,218.35000000000002,2125.69,5994.93,-6.0,-0.7968302264939648,0.006405764714794371,False,False
2025-12-25,20251225,P04,Player 4,F,active,lift,51.2,4.0,60.3,53,4,134.0,204.8,2157.33,6199.7300000000005,-1.0,0.9739036101592904,0.014884578654460467,False,False
2025-12-26,20251226,P04,Player 4,F,active,practice,85.7,5.1,179.1,107,66,153.0,437.07,1824.5700000000002,6636.8,-4.0,-0.08853669183266276,-0.15424622102320917,False,False
2025-12-27,20251227,P04,Player 4,F,active,game,20.6,6.2,43.3,37,44,151.0,127.72000000000001,1794.6100000000001,6764.52,-4.0,-0.08853669183266276,-0.016420307250475497,False,False
2025-12-28,20251228,P04,Player 4,F,active,off,0.0,0.0,0.0,0,0,,0.0,1794.6100000000001,6764.52,-5.0,-0.4426834591633138,0.0,False,False
2025-12-29,20251229,P04,Player 4,F,active,practice,70.9,4.5,120.5,59,60,146.0,319.05,1631.3,7083.570000000001,2.0,2.0363439121512434,-0.09100027303982494,False,False
2025-12-30,20251230,P04,Player 4,F,active,practice,75.2,5.5,129.2,107,51,173.0,413.6,1720.5900000000001,7497.17,-1.0,0.9739036101592904,0.05473548703488018,False,False
2025-12-31,20251231,P04,Player 4,F,active,conditioning,41.3,4.9,71.1,54,18,149.0,202.37,1704.6100000000001,7699.540000000001,-5.0,-0.4426834591633138,-0.009287511841868157,False,False
2026-01-01,20260101,P04,Player 4,F,active,lift,38.3,6.2,44.3,40,8,115.0,237.45999999999998,1737.27,7937.0,-3.0,0.2656100754979883,0.019159807815277263,False,False
2026-01-02,20260102,P04,Player 4,F,active,practice,63.9,6.2,135.9,114,68,138.0,396.18,1696.38,8333.18,-2.0,0.6197568428286393,-0.023536928629401266,False,False
2026-01-03,20260103,P04,Player 4,F,active,game,27.7,8.7,60.5,33,42,158.0,240.98999999999998,1809.6499999999999,8574.17,-3.0,0.2656100754979883,0.06677159598674809,False,False
2026-01-04,20260104,P04,Player 4,F,active,off,0.0,0.0,0.0,0,0,,0.0,1809.6499999999999,8574.17,-2.0,0.6197568428286393,0.0,False,False
2026-01-05,20260105,P04,Player 4,F,active,practice,67.6,4.2,168.1,84,83,155.0,283.92,1774.52,8360.210000000001,-4.0,-0.08853669183266276,-0.01941259359544656,False,False
2026-01-06,20260106,P04,Player 4,F,active,practice,73.3,6.7,157.0,56,61,155.0,491.11,1852.0300000000002,8325.9,-3.0,0.2656100754979883,0.04367941753262872,False,False
2026-01-07,20260107,P04,Player 4,F,active,conditioning,57.5,5.4,111.3,52,35,165.0,310.5,1960.1599999999999,8050.920000000001,-6.0,-0.7968302264939648,0.058384583403076507,False,False
2026-01-08,20260108,P04,Player 4,F,active,lift,46.3,5.8,52.0,36,12,119.0,268.53999999999996,1991.2399999999998,8176.900000000001,-9.0,-1.8592705284859181,0.01585584850216315,False,True
2026-01-09,20260109,P04,Player 4,F,active,practice,101.7,5.3,201.7,100,68,150.0,539.01,2134.07,8185.21,0.0,1.3280503774899415,0.07172917378116161,False,False
2026-01-10,20260110,P04,Player 4,F,active,game,24.6,6.9,63.9,55,39,148.0,169.74,2062.82,8093.370000000001,-6.0,-0.7968302264939648,-0.03338690858312987,False,False
2026-01-11,20260111,P04,Player 4,F,active,off,0.0,0.0,0.0,0,0,,0.0,2062.82,8093.370000000001,-5.0,-0.4426834591633138,0.0,False,False
2026-01-12,20260112,P04,Player 4,F,active,practice,91.5,6.7,193.1,86,64,160.0,613.0500000000001,2391.95,8185.02,-2.0,0.6197568428286393,0.15955342686225626,False,False
2026-01-13,20260113,P04,Player 4,F,active,practice,85.5,6.0,195.5,124,66,149.0,513.0,2413.84,8098.620000000001,-5.0,-0.4426834591633138,0.00915152908714667,False,False
2026-01-14,20260114,P04,Player 4,F,active,conditioning,58.5,5.8,129.6,80,14,152.0,339.3,2442.64,8233.1,-6.0,-0.7968302264939648,0.011931196765319951,False,False
2026-01-15,20260115,P04,Player 4,F,active,lift,34.5,5.3,38.5,56,4,126.0,182.85,2356.95,8242.789999999999,-1.0,0.9739036101592904,-0.03508089607965159,False,False
2026-01-16,20260116,P04,Player 4,F,active,practice,87.9,4.7,188.1,90,76,156.0,413.13000000000005,2231.07,7886.09,-4.0,-0.08853669183266276,-0.05340800610959062,False,False
2026-01-17,20260117,P04,Player 4,F,active,game,43.6,7.7,105.2,69,45,152.0,335.72,2397.05,8064.13,-7.0,-1.150976993824616,0.0743947971152854,False,True
2026-01-18,20260118,P04,Player 4,F,active,off,0.0,0.0,0.0,0,0,,0.0,2397.05,8064.13,-6.0,-0.7968302264939648,0.0,False,False
2026-01-19,20260119,P04,Player 4,F,active,practice,54.6,4.3,120.1,59,80,168.0,234.78,2018.7800000000002,7816.55,-1.0,0.9739036101592904,-0.15780647045326546,False,False
2026-01-20,20260120,P04,Player 4,F,active,practice,81.9,5.2,169.6,89,54,163.0,425.88000000000005,1931.6600000000003,7918.120000000001,0.0,1.3280503774899415,-0.043154776647281956,False,False
2026-01-21,20260121,P04,Player 4,F,active,conditioning,75.7,6.4,138.5,73,2,159.0,484.48,2076.84,8184.25,-7.0,-1.150976993824616,0.07515815412650251,False,True
2026-01-22,20260122,P04,Player 4,F,active,lift,57.5,4.9,64.2,22,17,131.0,281.75,2175.7400000000002,8261.2,-8.0,-1.505123761155267,0.04762042333545202,False,True
2026-01-23,20260123,P04,Player 4,F,active,practice,99.9,5.6,253.0,141,59,147.0,559.4399999999999,2322.05,8383.57,-7.0,-1.150976993824616,0.06724608638899876,False,True
2026-01-24,20260124,P04,Player 4,F,active,game,37.5,7.2,92.8,42,44,166.0,270.0,2256.33,8525.85,-8.0,-1.505123761155267,-0.028302577463878986,False,True
2026-01-25,20260125,P04,Player 4,F,active,off,0.0,0.0,0.0,0,0,,0.0,2256.33,8525.85,-4.0,-0.08853669183266276,0.0,False,False
2026-01-26,20260126,P04,Player 4,F,active,practice,71.6,4.8,148.7,78,68,150.0,343.67999999999995,2365.23,8550.48,-1.0,0.9739036101592904,0.0482642166704339,False,False
2026-01-27,20260127,P04,Player 4,F,active,practice,76.6,3.8,188.3,89,83,167.0,291.08,2230.43,8427.960000000001,-7.0,-1.150976993824616,-0.056992343239346765,False,True
2026-01-28,20260128,P04,Player 4,F,active,conditioning,35.9,2.4,76.6,36,28,148.0,86.16,1832.1099999999997,8311.75,-1.0,0.9739036101592904,-0.1785843985240515,False,False
2026-01-29,20260129,P04,Player 4,F,active,lift,52.8,1.7,55.3,41,8,126.0,89.75999999999999,1640.1199999999997,8164.05,-1.0,0.9739036101592904,-0.10479174285386794,False,False
2026-01-30,20260130,P04,Player 4,F,active,practice,65.7,5.1,144.0,75,57,150.0,335.07,1415.75,8102.9400000000005,2.0,2.0363439121512434,-0.13680096578299128,False,False
2026-01-31,20260131,P04,Player 4,F,active,game,22.1,8.1,52.6,31,47,160.0,179.01,1324.7599999999998,8040.96,-2.0,0.6197568428286393,-0.06426982164930262,False,False
2026-02-01,20260201,P04,Player 4,F,active,off,0.0,0.0,0.0,0,0,,0.0,1324.7599999999998,8040.96,1.0,1.6821971448205926,0.0,False,False
2025-12-08,20251208,P05,Player 5,C,limited,practice,78.6,6.4,152.5,94,38,,503.03999999999996,503.03999999999996,503.03999999999996,-5.0,-0.6644105970267493,,False,False
2025-12-09,20251209,P05,Player 5,C,limited,practice,68.3,4.8,164.8,79,58,144.0,327.84,830.8799999999999,830.8799999999999,-4.0,-0.2847473987257497,0.6517175572519083,True,False
2025-12-10,20251210,P05,Player 5,C,limited,conditioning,37.7,6.6,71.7,22,16,176.0,248.82,1079.6999999999998,1079.6999999999998,-8.0,-1.8034001919297482,0.29946562680531486,True,True
2025-12-11,20251211,P05,Player 5,C,limited,lift,51.2,4.0,59.0,55,5,124.0,204.8,1284.5,1284.5,-3.0,0.0949157995752499,0.1896823191627306,False,False
2025-12-12,20251212,P05,Player 5,C,limited,practice,72.3,4.8,165.9,110,80,144.0,347.03999999999996,1631.54,1631.54,-4.0,-0.2847473987257497,0.270175165434021,True,False
2025-12-13,20251213,P05,Player 5,C,limited,game,22.7,6.1,57.8,15,56,150.0,138.47,1770.01,1770.01,-7.0,-1.4237369936287485,0.0848707356240117,False,True
2025-12-14,20251214,P05,Player 5,C,limited,off,0.0,0.0,0.0,0,0,,0.0,1770.01,1770.01,-4.0,-0.2847473987257497,0.0,False,False
2025-12-15,20251215,P05,Player 5,C,limited,practice,62.8,3.6,150.3,48,51,160.0,226.07999999999998,1493.05,1996.09,4.0,2.752558187682247,-0.15647369223902696,False,False
2025-12-16,20251216,P05,Player 5,C,limited,practice,65.7,2.1,154.2,103,43,147.0,137.97,1303.18,2134.06,-1.0,0.8542421961772492,-0.12716921737383202,False,False
2025-12-17,20251217,P05,Player 5,C,limited,conditioning,40.9,6.1,68.7,43,16,131.0,249.48999999999998,1303.8500000000001,2383.5499999999997,-2.0,0.4745789978762495,0.0005141269816910654,False,False
2025-12-18,20251218,P05,Player 5,C,limited,lift,44.3,4.5,47.5,14,11,148.0,199.35,1298.3999999999999,2582.8999999999996,-4.0,-0.2847473987257497,-0.004179928672776945,False,False
2025-12-19,20251219,P05,Player 5,C,limited,practice,72.2,5.2,164.3,90,62,152.0,375.44000000000005,1326.8,2958.34,-7.0,-1.4237369936287485,0.021873074553296457,False,True
2025-12-20,20251220,P05,Player 5,C,limited,game,17.8,6.7,50.8,0,29,161.0,119.26,1307.59,3077.6,-9.0,-2.183063390230748,-0.014478444377449495,False,True
2025-12-21,20251221,P05,Player 5,C,limited,off,0.0,0.0,0.0,0,0,,0.0,1307.59,3077.6,-1.0,0.8542421961772492,0.0,False,False
2025-12-22,20251222,P05,Player 5,C,limited,practice,75.0,4.3,182.4,109,39,156.0,322.5,1404.01,3400.1,-4.0,-0.2847473987257497,0.07373871014614686,False,False
2025-12-23,20251223,P05,Player 5,C,limited,practice,84.0,4.4,220.8,99,54,168.0,369.6,1635.6399999999999,3769.7,-4.0,-0.2847473987257497,0.16497745742551673,False,False
2025-12-24,20251224,P05,Player 5,C,limited,conditioning,37.6,6.6,75.6,48,27,161.0,248.16,1634.31,4017.86,-5.0,-0.6644105970267493,-0.0008131373651902862,False,False
2025-12-25,20251225,P05,Player 5,C,limited,lift,37.4,5.0,35.6,77,21,137.0,187.0,1621.96,4204.86,-6.0,-1.044073795327749,-0.007556705888111748,False,True
2025-12-26,20251226,P05,Player 5,C,limited,practice,64.8,5.1,137.4,74,64,159.0,330.47999999999996,1577.0,4535.34,-3.0,0.0949157995752499,-0.027719549187402936,False,False
2025-12-27,20251227,P05,Player 5,C,limited,game,25.1,6.3,59.0,49,53,162.0,158.13,1615.87,4693.47,-3.0,0.0949157995752499,0.024648065948002396,False,False
2025-12-28,20251228,P05,Player 5,C,limited,off,0.0,0.0,0.0,0,0,,0.0,1615.87,4693.47,-2.0,0.4745789978762495,0.0,False,False
2025-12-29,20251229,P05,Player 5,C,limited,practice,49.6,2.6,101.9,55,45,155.0,128.96,1422.33,4822.43,1.0,1.6135685927792485,-0.11977448680896363,False,False
2025-12-30,20251230,P05,Player 5,C,limited,practice,57.2,5.6,124.0,87,63,160.0,320.32,1373.0500000000002,5142.75,-6.0,-1.044073795327749,-0.03464737437866017,False,True
2025-12-31,20251231,P05,Player 5,C,limited,conditioning,34.6,5.0,65.6,50,2,173.0,173.0,1297.8899999999999,5315.75,0.0,1.2339053944782488,-0.05473944867266323,False,False
2026-01-01,20260101,P05,Player 5,C,limited,lift,34.9,4.0,32.4,0,4,121.0,139.6,1250.49,5455.349999999999,-4.0,-0.2847473987257497,-0.036520814552851055,False,False
2026-01-02,20260102,P05,Player 5,C,limited,practice,60.8,4.3,138.8,46,39,162.0,261.44,1181.4499999999998,5716.79,-3.0,0.0949157995752499,-0.05521035753984449,False,False
2026-01-03,20260103,P05,Player 5,C,limited,game,24.5,6.9,68.8,27,44,163.0,169.05,1192.37,5885.84,-1.0,0.8542421961772492,0.009242879512463498,False,False
2026-01-04,20260104,P05,Player 5,C,limited,off,0.0,0.0,0.0,0,0,,0.0,1192.37,5885.84,-4.0,-0.2847473987257497,0.0,False,False
2026-01-05,20260105,P05,Player 5,C,limited,practice,71.6,5.5,160.7,82,58,177.0,393.79999999999995,1457.2099999999998,5776.599999999999,-1.0,0.8542421961772492,0.2221122638107298,False,False
2026-01-06,20260106,P05,Player 5,C,limited,practice,78.2,3.6,152.7,105,60,170.0,281.52000000000004,1418.4099999999999,5730.28,-5.0,-0.6644105970267493,-0.02662622408575288,False,False
2026-01-07,20260107,P05,Player 5,C,limited,conditioning,46.5,4.9,80.6,58,0,150.0,227.85000000000002,1473.26,5709.31,-5.0,-0.6644105970267493,0.03867006013776009,False,False
2026-01-08,20260108,P05,Player 5,C,limited,lift,40.2,5.0,47.2,42,7,137.0,201.0,1534.66,5705.51,-3.0,0.0949157995752499,0.041676282529899744,False,False
2026-01-09,20260109,P05,Player 5,C,limited,practice,80.5,4.5,159.5,65,56,144.0,362.25,1635.47,5720.72,-5.0,-0.6644105970267493,0.0656888170669725,False,False
2026-01-10,20260110,P05,Player 5,C,limited,game,18.4,7.9,43.2,10,40,157.0,145.35999999999999,1611.78,5727.61,-5.0,-0.6644105970267493,-0.014485132714143423,False,False
2026-01-11,20260111,P05,Player 5,C,limited,off,0.0,0.0,0.0,0,0,,0.0,1611.78,5727.61,-5.0,-0.6644105970267493,0.0,False,False
2026-01-12,20260112,P05,Player 5,C,limited,practice,69.8,4.1,153.2,63,51,140.0,286.17999999999995,1504.16,5787.71,-2.0,0.4745789978762495,-0.06677089925424062,False,False
2026-01-13,20260113,P05,Player 5,C,limited,practice,83.8,4.0,205.6,112,53,161.0,335.2,1557.84,5984.9400000000005,-4.0,-0.2847473987257497,0.03568769279863826,False,False
2026-01-14,20260114,P05,Player 5,C,limited,conditioning,68.0,6.7,124.4,78,13,163.0,455.6,1785.59,6191.049999999999,-5.0,-0.6644105970267493,0.14619601499512136,False,False
2026-01-15,20260115,P05,Player 5,C,limited,lift,38.0,3.6,43.6,0,16,114.0,136.8,1721.3899999999999,6128.5,-4.0,-0.2847473987257497,-0.035954502433369395,False,False
2026-01-16,20260116,P05,Player 5,C,limited,practice,74.9,5.6,177.1,80,60,133.0,419.44,1778.58,6172.5,-7.0,-1.4237369936287485,0.03322315105815643,False,True
2026-01-17,20260117,P05,Player 5,C,limited,game,24.9,5.6,64.9,36,34,127.0,139.43999999999997,1772.66,6192.679999999999,-4.0,-0.2847473987257497,-0.0033284980152705756,False,False
2026-01-18,20260118,P05,Player 5,C,limited,off,0.0,0.0,0.0,0,0,,0.0,1772.66,6192.679999999999,-1.0,0.8542421961772492,0.0,False,False
2026-01-19,20260119,P05,Player 5,C,limited,practice,71.3,4.9,162.2,82,55,151.0,349.37,1835.85,6219.55,4.0,2.752558187682247,0.035646993783353675,False,False
2026-01-20,20260120,P05,Player 5,C,limited,practice,54.6,6.2,127.5,69,60,177.0,338.52000000000004,1839.17,6188.47,-4.0,-0.2847473987257497,0.0018084266143749694,False,False
2026-01-21,20260121,P05,Player 5,C,limited,conditioning,47.6,5.4,85.2,48,20,156.0,257.04,1640.6100000000001,6197.35,-7.0,-1.4237369936287485,-0.1079617436126078,False,True
2026-01-22,20260122,P05,Player 5,C,limited,lift,42.6,1.4,50.1,30,15,120.0,59.64,1563.45,6069.990000000001,-5.0,-0.6644105970267493,-0.04703128714319682,False,False
2026-01-23,20260123,P05,Player 5,C,limited,practice,71.0,3.2,137.6,109,50,147.0,227.20000000000002,1371.21,5966.71,-1.0,0.8542421961772492,-0.12295884102465704,False,False
2026-01-24,20260124,P05,Player 5,C,limited,game,19.8,6.9,48.6,21,45,168.0,136.62,1368.39,5945.2,-3.0,0.0949157995752499,-0.002056577767081569,False,False
2026-01-25,20260125,P05,Player 5,C,limited,off,0.0,0.0,0.0,0,0,,0.0,1368.39,5945.2,-4.0,-0.2847473987257497,0.0,False,False
2026-01-26,20260126,P05,Player 5,C,limited,practice,55.4,4.7,136.4,98,51,167.0,260.38,1279.4,6076.62,-3.0,0.0949157995752499,-0.0650326295865945,False,False
2026-01-27,20260127,P05,Player 5,C,limited,practice,37.5,3.6,79.3,23,63,166.0,135.0,1075.88,5891.3,1.0,1.6135685927792485,-0.1590745662029076,False,False
2026-01-28,20260128,P05,Player 5,C,limited,conditioning,40.3,5.9,78.3,80,17,161.0,237.77,1056.6100000000001,5956.07,-2.0,0.4745789978762495,-0.017910919433394068,False,False
2026-01-29,20260129,P05,Player 5,C,limited,lift,27.6,3.3,29.2,12,11,121.0,91.08,1088.05,5907.55,-2.0,0.4745789978762495,0.029755538940573922,False,False
2026-01-30,20260130,P05,Player 5,C,limited,practice,52.1,4.7,103.8,55,39,152.0,244.87,1105.72,5890.98,1.0,1.6135685927792485,0.01624006249712795,False,False
2026-01-31,20260131,P05,Player 5,C,limited,game,33.4,7.1,82.9,34,42,149.0,237.14,1206.24,5959.07,-3.0,0.0949157995752499,0.09090909090909083,False,False
2026-02-01,20260201,P05,Player 5,C,limited,off,0.0,0.0,0.0,0,0,,0.0,1206.24,5959.07,1.0,1.6135685927792485,0.0,False,False
2025-12-08,20251208,P06,Player 6,W,active,practice,82.9,5.0,189.5,89,78,150.0,414.5,414.5,414.5,2.0,1.4538331271664353,,False,False
2025-12-09,20251209,P06,Player 6,W,active,practice,84.4,6.0,197.2,77,91,,506.40000000000003,920.9000000000001,920.9000000000001,-8.0,-1.8692140206425598,1.2217129071170088,True,True
2025-12-10,20251210,P06,Player 6,W,active,conditioning,32.4,4.3,61.9,28,33,159.0,139.32,1060.22,1060.22,2.0,1.4538331271664353,0.15128678466717327,False,False
2025-12-11,20251211,P06,Player 6,W,active,lift,30.0,3.3,32.3,0,0,131.0,99.0,1159.22,1159.22,-1.0,0.45691898282373683,0.09337684631491583,False,False
2025-12-12,20251212,P06,Player 6,W,active,practice,75.7,4.1,169.9,101,66,170.0,310.37,1469.5900000000001,1469.5900000000001,-3.0,-0.2076904467380622,0.26774037715015275,True,False
2025-12-13,20251213,P06,Player 6,W,active,game,27.0,6.2,66.9,67,54,142.0,167.4,1636.99,1636.99,2.0,1.4538331271664353,0.1139093216475342,False,False
2025-12-14,20251214,P06,Player 6,W,active,off,0.0,0.0,0.0,0,0,,0.0,1636.99,1636.99,-3.0,-0.2076904467380622,0.0,False,False
2025-12-15,20251215,P06,Player 6,W,active,practice,76.1,7.7,182.0,130,46,149.0,585.9699999999999,1808.46,2222.96,1.0,1.1215284123855358,0.1047471273495868,False,False
2025-12-16,20251216,P06,Player 6,W,active,practice,98.4,7.5,257.4,139,45,148.0,738.0,2040.06,2960.96,-7.0,-1.5369093058616603,0.12806476228393215,False,True
2025-12-17,20251217,P06,Player 6,W,active,conditioning,36.0,4.8,56.7,40,25,,172.79999999999998,2073.54,3133.7599999999998,-2.0,0.12461426804283732,0.01641128202111708,False,False
2025-12-18,20251218,P06,Player 6,W,active,lift,51.9,4.1,58.8,41,0,142.0,212.78999999999996,2187.33,3346.5499999999997,-7.0,-1.5369093058616603,0.054877166584681225,False,True
2025-12-19,20251219,P06,Player 6,W,active,practice,53.9,5.5,118.5,82,64,139.0,296.45,2173.41,3643.0,-1.0,0.45691898282373683,-0.006363923139169669,False,False
2025-12-20,20251220,P06,Player 6,W,active,game,34.8,7.9,92.4,33,54,156.0,274.92,2280.93,3917.92,-1.0,0.45691898282373683,0.049470647507833254,False,False
2025-12-21,20251221,P06,Player 6,W,active,off,0.0,0.0,0.0,0,0,,0.0,2280.93,3917.92,-2.0,0.12461426804283732,0.0,False,False
2025-12-22,20251222,P06,Player 6,W,active,practice,87.4,5.0,225.2,113,53,165.0,437.0,2131.96,4354.92,-5.0,-0.8722998762998612,-0.0653110792527608,False,False
2025-12-23,20251223,P06,Player 6,W,active,practice,84.5,5.4,155.9,145,71,161.0,456.3,1850.2600000000002,4811.22,-3.0,-0.2076904467380622,-0.13213193493311315,False,False
2025-12-24,20251224,P06,Player 6,W,active,conditioning,66.9,5.6,108.8,82,17,147.0,374.64,2052.1,5185.86,-5.0,-0.8722998762998612,0.10908737150454506,False,False
2025-12-25,20251225,P06,Player 6,W,active,lift,38.2,5.0,44.5,39,18,,191.0,2030.31,5376.86,-2.0,0.12461426804283732,-0.010618390916621978,False,False
2025-12-26,20251226,P06,Player 6,W,active,practice,74.6,4.7,162.5,67,54,147.0,350.62,2084.48,5727.48,-5.0,-0.8722998762998612,0.02668065467834957,False,False
2025-12-27,20251227,P06,Player 6,W,active,game,24.7,8.5,71.7,0,43,149.0,209.95,2019.51,5937.43,-5.0,-0.8722998762998612,-0.03116844488793369,False,False
2025-12-28,20251228,P06,Player 6,W,active,off,0.0,0.0,0.0,0,0,,0.0,2019.51,5937.43,2.0,1.4538331271664353,0.0,False,False
2025-12-29,20251229,P06,Player 6,W,active,practice,64.7,5.1,131.1,114,59,154.0,329.96999999999997,1912.48,6267.4,2.0,1.4538331271664353,-0.05299800446642999,False,False
2025-12-30,20251230,P06,Player 6,W,active,practice,35.6,4.0,75.6,67,64,148.0,142.4,1598.58,6409.8,1.0,1.1215284123855358,-0.16413243537187316,False,False
2025-12-31,20251231,P06,Player 6,W,active,conditioning,51.0,6.4,92.5,65,2,166.0,326.40000000000003,1550.3400000000001,6736.2,-1.0,0.45691898282373683,-0.030176781893930693,False,False
2026-01-01,20260101,P06,Player 6,W,active,lift,63.1,4.5,62.9,28,8,132.0,283.95,1643.29,7020.15,1.0,1.1215284123855358,0.05995459060593156,False,False
2026-01-02,20260102,P06,Player 6,W,active,practice,64.6,3.2,154.2,87,68,158.0,206.72,1499.39,7226.87,-4.0,-0.5399951615189617,-0.08756823202234532,False,False
2026-01-03,20260103,P06,Player 6,W,active,game,21.4,7.9,57.0,71,44,158.0,169.06,1458.5,7395.93,1.0,1.1215284123855358,-0.027271090243365714,False,False
2026-01-04,20260104,P06,Player 6,W,active,off,0.0,0.0,0.0,0,0,,0.0,1458.5,7395.93,-5.0,-0.8722998762998612,0.0,False,False
2026-01-05,20260105,P06,Player 6,W,active,practice,90.7,5.6,192.1,97,67,,507.91999999999996,1636.45,7489.35,0.0,0.7892236976046363,0.12200891326705521,False,False
2026-01-06,20260106,P06,Player 6,W,active,practice,74.3,5.7,190.4,79,58,155.0,423.51,1917.56,7406.46,1.0,1.1215284123855358,0.171780378257814,False,False
2026-01-07,20260107,P06,Player 6,W,active,conditioning,56.8,5.5,101.8,80,14,140.0,312.4,1903.56,7579.54,-6.0,-1.2046045910807608,-0.007300944950875077,False,True
2026-01-08,20260108,P06,Player 6,W,active,lift,51.0,4.3,54.3,0,1,,219.29999999999998,1838.91,7699.839999999999,-4.0,-0.5399951615189617,-0.033962680451364746,False,False
2026-01-09,20260109,P06,Player 6,W,active,practice,64.3,5.5,130.5,78,90,150.0,353.65,1985.84,7743.12,1.0,1.1215284123855358,0.07990059328624022,False,False
2026-01-10,20260110,P06,Player 6,W,active,game,34.2,8.6,82.3,26,42,143.0,294.12,2110.9,7869.84,-1.0,0.45691898282373683,0.06297586915360753,False,False
2026-01-11,20260111,P06,Player 6,W,active,off,0.0,0.0,0.0,0,0,,0.0,2110.9,7869.84,0.0,0.7892236976046363,0.0,False,False
2026-01-12,20260112,P06,Player 6,W,active,practice,94.0,5.0,217.4,145,64,,470.0,2072.98,7753.87,-3.0,-0.2076904467380622,-0.01796390165332329,False,False
2026-01-13,20260113,P06,Player 6,W,active,practice,91.7,4.3,196.3,94,74,151.0,394.31,2043.78,7410.179999999999,-7.0,-1.5369093058616603,-0.014086001794518022,False,True
2026-01-14,20260114,P06,Player 6,W,active,conditioning,50.1,6.6,92.4,37,32,153.0,330.65999999999997,2062.04,7568.04,-4.0,-0.5399951615189617,0.008934425427394421,False,False
2026-01-15,20260115,P06,Player 6,W,active,lift,43.1,2.0,49.6,18,21,154.0,86.2,1928.9399999999998,7441.45,-1.0,0.45691898282373683,-0.06454772943298881,False,False
2026-01-16,20260116,P06,Player 6,W,active,practice,100.0,5.3,218.8,126,76,154.0,530.0,2105.29,7675.0,-4.0,-0.5399951615189617,0.09142326873827078,False,False
2026-01-17,20260117,P06,Player 6,W,active,game,35.7,8.2,91.0,80,57,162.0,292.74,2103.91,7692.82,-2.0,0.12461426804283732,-0.000655491642481576,False,False
2026-01-18,20260118,P06,Player 6,W,active,off,0.0,0.0,0.0,0,0,,0.0,2103.91,7692.82,-8.0,-1.8692140206425598,0.0,False,True
2026-01-19,20260119,P06,Player 6,W,active,practice,82.6,7.8,172.4,112,69,160.0,644.28,2278.19,7900.099999999999,1.0,1.1215284123855358,0.08283624299518522,False,False
2026-01-20,20260120,P06,Player 6,W,active,practice,67.2,4.6,160.7,103,54,157.0,309.12,2193.0,7752.919999999999,-2.0,0.12461426804283732,-0.037393720453517965,False,False
2026-01-21,20260121,P06,Player 6,W,active,conditioning,61.2,7.4,116.6,107,32,151.0,452.88000000000005,2315.2200000000003,7831.16,-8.0,-1.8692140206425598,0.05573187414500702,False,True
2026-01-22,20260122,P06,Player 6,W,active,lift,66.6,4.7,62.9,35,2,126.0,313.02,2542.04,7953.18,-5.0,-0.8722998762998612,0.09796909149022537,False,False
2026-01-23,20260123,P06,Player 6,W,active,practice,85.2,6.9,157.0,133,68,175.0,587.88,2599.92,8190.4400000000005,-6.0,-1.2046045910807608,0.022769114569400895,False,True
2026-01-24,20260124,P06,Player 6,W,active,game,29.4,7.3,78.3,42,47,167.0,214.61999999999998,2521.8,8195.109999999999,-5.0,-0.8722998762998612,-0.03004707837164211,False,False
2026-01-25,20260125,P06,Player 6,W,active,off,0.0,0.0,0.0,0,0,,0.0,2521.8,8195.109999999999,-4.0,-0.5399951615189617,0.0,False,False
2026-01-26,20260126,P06,Player 6,W,active,practice,54.2,4.0,110.7,62,51,147.0,216.8,2094.32,8081.9400000000005,4.0,2.1184425567282346,-0.16951383932111985,False,False
2026-01-27,20260127,P06,Player 6,W,active,practice,68.7,3.9,155.8,109,51,150.0,267.93,2053.13,8207.47,0.0,0.7892236976046363,-0.019667481569196732,False,False
2026-01-28,20260128,P06,Player 6,W,active,conditioning,50.8,5.0,88.9,58,20,150.0,254.0,1854.25,8135.07,-4.0,-0.5399951615189617,-0.09686673517994482,False,False
2026-01-29,20260129,P06,Player 6,W,active,lift,50.5,5.8,48.6,34,14,136.0,292.9,1834.13,8144.02,-3.0,-0.2076904467380622,-0.010850748280976097,False,False
2026-01-30,20260130,P06,Player 6,W,active,practice,62.5,3.1,141.3,47,60,173.0,193.75,1440.0,8131.05,-1.0,0.45691898282373683,-0.2148866219951694,False,False
2026-01-31,20260131,P06,Player 6,W,active,game,22.2,6.5,53.9,33,48,159.0,144.29999999999998,1369.68,8106.29,-1.0,0.45691898282373683,-0.048833333333333284,False,False
2026-02-01,20260201,P06,Player 6,W,active,off,0.0,0.0,0.0,0,0,,0.0,1369.68,8106.29,-5.0,-0.8722998762998612,0.0,False,False
2025-12-08,20251208,P07,Player 7,W,active,practice,96.1,5.6,180.9,71,63,141.0,538.16,538.16,538.16,-4.0,0.2811519590725606,,False,False
2025-12-09,20251209,P07,Player 7,W,active,practice,89.0,5.3,161.5,71,60,160.0,471.7,1009.8599999999999,1009.8599999999999,-4.0,0.2811519590725606,0.8765051285862939,True,False
2025-12-10,20251210,P07,Player 7,W,active,conditioning,76.3,5.6,143.4,38,17,136.0,427.28,1437.1399999999999,1437.1399999999999,-7.0,-0.8434558772176817,0.4231081536054502,True,False
2025-12-11,20251211,P07,Player 7,W,active,lift,39.5,5.2,40.3,2,9,135.0,205.4,1642.54,1642.54,-11.0,-2.3429329922713378,0.1429227493494023,False,True
2025-12-12,20251212,P07,Player 7,W,active,practice,70.4,7.5,134.1,66,68,157.0,528.0,2170.54,2170.54,-3.0,0.6560212378359747,0.32145335882231185,True,False
2025-12-13,20251213,P07,Player 7,W,active,game,27.6,6.7,64.6,29,61,173.0,184.92000000000002,2355.46,2355.46,-3.0,0.6560212378359747,0.0851953891658297,False,False
2025-12-14,20251214,P07,Player 7,W,active,off,0.0,0.0,0.0,0,0,,0.0,2355.46,2355.46,-5.0,-0.09371731969085352,0.0,False,False
2025-12-15,20251215,P07,Player 7,W,active,practice,119.4,4.8,263.4,122,68,160.0,573.12,2390.42,2928.58,1.0,2.155498352889631,0.014842111519618228,False,False
2025-12-16,20251216,P07,Player 7,W,active,practice,81.5,6.3,162.7,74,68,166.0,513.4499999999999,2432.17,3442.0299999999997,-8.0,-1.2183251559810957,0.017465549987031537,False,True
2025-12-17,20251217,P07,Player 7,W,active,conditioning,28.2,7.4,48.0,2,28,160.0,208.68,2213.57,3650.71,-9.0,-1.5931944347445097,-0.08987858578964458,False,True
2025-12-18,20251218,P07,Player 7,W,active,lift,55.8,4.8,69.3,59,0,117.0,267.84,2276.0099999999998,3918.5499999999997,-8.0,-1.2183251559810957,0.02820782717510606,False,True
2025-12-19,20251219,P07,Player 7,W,active,practice,83.0,5.4,179.4,100,84,150.0,448.20000000000005,2196.21,4366.75,-3.0,0.6560212378359747,-0.03506135737540683,False,False
2025-12-20,20251220,P07,Player 7,W,active,game,25.1,7.8,63.6,58,38,147.0,195.78,2207.0699999999997,4562.53,-7.0,-0.8434558772176817,0.00494488231999668,False,False
2025-12-21,20251221,P07,Player 7,W,active,off,0.0,0.0,0.0,0,0,,0.0,2207.0699999999997,4562.53,-2.0,1.0308905165993887,0.0,False,False
2025-12-22,20251222,P07,Player 7,W,active,practice,79.1,6.1,183.8,118,67,158.0,482.50999999999993,2116.46,5045.04,-6.0,-0.4685865984542676,-0.04105442962842121,False,False
2025-12-23,20251223,P07,Player 7,W,active,practice,79.6,3.8,157.2,97,70,168.0,302.47999999999996,1905.49,5347.5199999999995,-1.0,1.4057597953628027,-0.09968059873562463,False,False
2025-12-24,20251224,P07,Player 7,W,active,conditioning,39.9,4.1,70.9,46,25,161.0,163.58999999999997,1860.4,5511.11,-1.0,1.4057597953628027,-0.023663204739988064,False,False
2025-12-25,20251225,P07,Player 7,W,active,lift,63.3,5.2,61.9,44,4,127.0,329.15999999999997,1921.7199999999998,5840.2699999999995,-6.0,-0.4685865984542676,0.03296065362287659,False,False
2025-12-26,20251226,P07,Player 7,W,active,practice,94.3,3.9,190.5,115,60,149.0,367.77,1841.29,6208.04,-5.0,-0.09371731969085352,-0.04185313156963544,False,False
2025-12-27,20251227,P07,Player 7,W,active,game,38.2,8.6,118.3,57,53,167.0,328.52000000000004,1974.0299999999997,6536.5599999999995,-9.0,-1.5931944347445097,0.07209076245458346,False,True
2025-12-28,20251228,P07,Player 7,W,active,off,0.0,0.0,0.0,0,0,,0.0,1974.0299999999997,6536.5599999999995,-6.0,-0.4685865984542676,0.0,False,False
2025-12-29,20251229,P07,Player 7,W,active,practice,54.8,5.6,99.9,28,76,158.0,306.87999999999994,1798.4,6843.44,-5.0,-0.09371731969085352,-0.08897027907377275,False,False
2025-12-30,20251230,P07,Player 7,W,active,practice,69.1,4.4,148.1,36,68,157.0,304.04,1799.96,7147.48,-4.0,0.2811519590725606,0.0008674377224198171,False,False
2025-12-31,20251231,P07,Player 7,W,active,conditioning,43.8,6.9,85.3,63,12,146.0,302.21999999999997,1938.5899999999997,7449.7,-4.0,0.2811519590725606,0.07701837818618174,False,False
2026-01-01,20260101,P07,Player 7,W,active,lift,50.8,5.2,59.8,60,19,123.0,264.15999999999997,1873.59,7713.86,-4.0,0.2811519590725606,-0.03352952403551024,False,False
2026-01-02,20260102,P07,Player 7,W,active,practice,69.6,5.8,165.8,84,71,140.0,403.67999999999995,1909.5,8117.54,-7.0,-0.8434558772176817,0.019166413142683414,False,False
2026-01-03,20260103,P07,Player 7,W,active,game,29.5,6.7,67.5,34,44,140.0,197.65,1778.6299999999999,8315.19,-9.0,-1.5931944347445097,-0.06853626603822993,False,True
2026-01-04,20260104,P07,Player 7,W,active,off,0.0,0.0,0.0,0,0,,0.0,1778.6299999999999,8315.19,-1.0,1.4057597953628027,0.0,False,False
2026-01-05,20260105,P07,Player 7,W,active,practice,92.9,7.4,215.8,84,51,160.0,687.46,2159.21,8464.49,-3.0,0.6560212378359747,0.21397367636889086,False,False
2026-01-06,20260106,P07,Player 7,W,active,practice,74.2,4.6,173.4,102,59,153.0,341.32,2196.49,8334.11,-8.0,-1.2183251559810957,0.01726557398307693,False,True
2026-01-07,20260107,P07,Player 7,W,active,conditioning,58.2,4.9,110.3,48,28,148.0,285.18,2179.45,8192.009999999998,-9.0,-1.5931944347445097,-0.007757831813484217,False,True
2026-01-08,20260108,P07,Player 7,W,active,lift,45.6,4.2,49.0,23,4,118.0,191.52,2106.81,8178.13,-6.0,-0.4685865984542676,-0.03332950973869553,False,False
2026-01-09,20260109,P07,Player 7,W,active,practice,61.3,5.0,138.7,92,67,168.0,306.5,2009.63,7956.629999999999,-5.0,-0.09371731969085352,-0.04612660847442329,False,False
2026-01-10,20260110,P07,Player 7,W,active,game,30.8,6.7,83.8,73,50,157.0,206.36,2018.3400000000001,7978.07,-2.0,1.0308905165993887,0.004334131158471921,False,False
2026-01-11,20260111,P07,Player 7,W,active,off,0.0,0.0,0.0,0,0,,0.0,2018.3400000000001,7978.07,-2.0,1.0308905165993887,0.0,False,False
2026-01-12,20260112,P07,Player 7,W,active,practice,76.5,5.6,139.8,104,66,149.0,428.4,1759.28,7833.349999999999,-4.0,0.2811519590725606,-0.12835300296283092,False,False
2026-01-13,20260113,P07,Player 7,W,active,practice,93.4,4.4,182.4,106,62,160.0,410.96000000000004,1828.92,7730.86,-6.0,-0.4685865984542676,0.03958437542631077,False,False
2026-01-14,20260114,P07,Player 7,W,active,conditioning,62.7,7.7,94.7,43,29,154.0,482.79,2026.53,8004.969999999999,-5.0,-0.09371731969085352,0.10804737221967065,False,False
2026-01-15,20260115,P07,Player 7,W,active,lift,46.1,3.8,59.7,35,4,128.0,175.18,2010.19,7912.3099999999995,-6.0,-0.4685865984542676,-0.008063043724988006,False,False
2026-01-16,20260116,P07,Player 7,W,active,practice,86.8,7.7,180.1,110,60,149.0,668.36,2372.05,8132.469999999999,-8.0,-1.2183251559810957,0.18001283460767392,False,True
2026-01-17,20260117,P07,Player 7,W,active,game,26.2,8.4,57.5,22,39,154.0,220.08,2385.77,8156.7699999999995,-4.0,0.2811519590725606,0.0057840264749899895,False,False
2026-01-18,20260118,P07,Player 7,W,active,off,0.0,0.0,0.0,0,0,,0.0,2385.77,8156.7699999999995,-4.0,0.2811519590725606,0.0,False,False
2026-01-19,20260119,P07,Player 7,W,active,practice,81.7,5.2,161.6,74,69,156.0,424.84000000000003,2382.21,8099.099999999999,-1.0,1.4057597953628027,-0.0014921807215280136,False,False
2026-01-20,20260120,P07,Player 7,W,active,practice,69.0,2.8,179.0,115,46,148.0,193.2,2164.4500000000003,7989.820000000001,-2.0,1.0308905165993887,-0.09141091675377055,False,False
2026-01-21,20260121,P07,Player 7,W,active,conditioning,54.3,5.2,101.8,76,28,171.0,282.36,1964.0200000000002,8108.59,-5.0,-0.09371731969085352,-0.09260089168148955,False,False
2026-01-22,20260122,P07,Player 7,W,active,lift,64.1,5.8,74.2,50,1,,371.78,2160.62,8151.21,-5.0,-0.09371731969085352,0.10010081363733558,False,False
2026-01-23,20260123,P07,Player 7,W,active,practice,101.9,5.5,225.8,86,63,173.0,560.45,2052.71,8343.89,-7.0,-0.8434558772176817,-0.04994399755625689,False,False
2026-01-24,20260124,P07,Player 7,W,active,game,24.1,7.7,52.6,34,49,169.0,185.57000000000002,2018.2,8200.94,-9.0,-1.5931944347445097,-0.01681192180093627,False,True
2026-01-25,20260125,P07,Player 7,W,active,off,0.0,0.0,0.0,0,0,,0.0,2018.2,8200.94,-4.0,0.2811519590725606,0.0,False,False
2026-01-26,20260126,P07,Player 7,W,active,practice,57.2,4.2,120.2,65,70,161.0,240.24,1833.6000000000001,8134.3,-1.0,1.4057597953628027,-0.09146764443563571,False,False
2026-01-27,20260127,P07,Player 7,W,active,practice,60.3,4.5,128.4,73,57,170.0,271.34999999999997,1911.75,8101.610000000001,-6.0,-0.4685865984542676,0.042621073298429346,False,False
2026-01-28,20260128,P07,Player 7,W,active,conditioning,45.9,4.0,81.0,68,32,153.0,183.6,1812.99,7982.99,-5.0,-0.09371731969085352,-0.05165947430364848,False,False
2026-01-29,20260129,P07,Player 7,W,active,lift,31.8,4.3,28.2,53,13,123.0,136.74,1577.95,7855.57,-2.0,1.0308905165993887,-0.12964219328291937,False,False
2026-01-30,20260130,P07,Player 7,W,active,practice,58.3,4.2,126.9,117,55,161.0,244.85999999999999,1262.36,7696.75,-1.0,1.4057597953628027,-0.20000000000000007,False,False
2026-01-31,20260131,P07,Player 7,W,active,game,32.9,8.4,81.3,45,56,143.0,276.36,1353.15,7775.46,0.0,1.780629074126217,0.07192084666814558,False,False
2026-02-01,20260201,P07,Player 7,W,active,off,0.0,0.0,0.0,0,0,,0.0,1353.15,7775.46,-5.0,-0.09371731969085352,0.0,False,False
2025-12-08,20251208,P08,Player 8,G,active,practice,112.2,6.0,252.8,100,58,157.0,673.2,673.2,673.2,-3.0,0.935671809337033,,False,False
2025-12-09,20251209,P08,Player 8,G,active,practice,119.1,7.5,202.2,122,55,150.0,893.25,1566.45,1566.45,-11.0,-2.3649657543085634,1.3268716577540105,True,True
2025-12-10,20251210,P08,Player 8,G,active,conditioning,53.3,4.9,102.5,56,8,163.0,261.17,1827.6200000000001,1827.6200000000001,-11.0,-2.3649657543085634,0.16672731335184654,False,True
2025-12-11,20251211,P08,Player 8,G,active,lift,51.8,3.3,54.2,13,10,135.0,170.93999999999997,1998.56,1998.56,-6.0,-0.3020672770300656,0.09353147809719742,False,False
2025-12-12,20251212,P08,Player 8,G,active,practice,93.2,5.8,220.8,151,58,145.0,540.56,2539.12,2539.12,-9.0,-1.5398063633971641,0.27047474181410625,True,True
2025-12-13,20251213,P08,Player 8,G,active,game,26.2,7.2,64.8,11,22,157.0,188.64,2727.76,2727.76,-4.0,0.5230921138813335,0.07429345600050419,False,False
2025-12-14,20251214,P08,Player 8,G,active,off,0.0,0.0,0.0,0,0,,0.0,2727.76,2727.76,-5.0,0.11051241842563396,0.0,False,False
2025-12-15,20251215,P08,Player 8,G,active,practice,86.2,4.5,168.5,78,49,164.0,387.90000000000003,2442.46,3115.66,-3.0,0.935671809337033,-0.1045913130187407,False,False
2025-12-16,20251216,P08,Player 8,G,active,practice,110.4,5.2,230.8,137,74,154.0,574.08,2123.29,3689.74,-5.0,0.11051241842563396,-0.13067563030714935,False,False
2025-12-17,20251217,P08,Player 8,G,active,conditioning,64.4,6.9,119.1,50,12,164.0,444.36000000000007,2306.48,4134.1,-6.0,-0.3020672770300656,0.0862764860193379,False,False
2025-12-18,20251218,P08,Player 8,G,active,lift,43.3,3.8,48.6,69,15,139.0,164.54,2300.08,4298.64,-10.0,-1.9523860588528636,-0.0027747910235510487,False,True
2025-12-19,20251219,P08,Player 8,G,active,practice,65.9,6.0,109.8,44,51,153.0,395.40000000000003,2154.92,4694.04,-9.0,-1.5398063633971641,-0.06311084831831926,False,True
2025-12-20,20251220,P08,Player 8,G,active,game,30.1,8.1,61.4,59,39,152.0,243.81,2210.09,4937.85,-5.0,0.11051241842563396,0.025601878492009122,False,False
2025-12-21,20251221,P08,Player 8,G,active,off,0.0,0.0,0.0,0,0,,0.0,2210.09,4937.85,-5.0,0.11051241842563396,0.0,False,False
2025-12-22,20251222,P08,Player 8,G,active,practice,55.8,6.2,116.9,68,40,146.0,345.96,2168.15,5283.81,-3.0,0.935671809337033,-0.018976602762783457,False,False
2025-12-23,20251223,P08,Player 8,G,active,practice,78.7,5.0,187.5,67,45,148.0,393.5,1987.5700000000002,5677.31,-3.0,0.935671809337033,-0.08328759541544628,False,False
2025-12-24,20251224,P08,Player 8,G,active,conditioning,52.0,7.8,85.5,30,26,154.0,405.59999999999997,1948.81,6082.91,-9.0,-1.5398063633971641,-0.01950119995773747,False,True
2025-12-25,20251225,P08,Player 8,G,active,lift,54.0,4.6,66.4,54,7,141.0,248.39999999999998,2032.6699999999998,6331.31,-4.0,0.5230921138813335,0.04303138838573273,False,False
2025-12-26,20251226,P08,Player 8,G,active,practice,77.2,6.1,166.7,45,67,150.0,470.92,2108.19,6802.23,-6.0,-0.3020672770300656,0.03715310404541827,False,False
2025-12-27,20251227,P08,Player 8,G,active,game,31.6,8.4,72.0,0,47,153.0,265.44,2129.8199999999997,7067.67,-5.0,0.11051241842563396,0.010259986054387715,False,False
2025-12-28,20251228,P08,Player 8,G,active,off,0.0,0.0,0.0,0,0,,0.0,2129.8199999999997,7067.67,-3.0,0.935671809337033,0.0,False,False
2025-12-29,20251229,P08,Player 8,G,active,practice,66.5,3.5,147.0,105,42,125.0,232.75,2016.61,7300.42,-2.0,1.3482515047927326,-0.05315472669051835,False,False
2025-12-30,20251230,P08,Player 8,G,active,practice,73.7,4.7,168.2,81,69,140.0,346.39000000000004,1969.5,7646.81,-5.0,0.11051241842563396,-0.023360987002940536,False,False
2025-12-31,20251231,P08,Player 8,G,active,conditioning,31.0,4.0,55.3,15,12,145.0,124.0,1687.9,7770.81,-3.0,0.935671809337033,-0.1429804518913429,False,False
2026-01-01,20260101,P08,Player 8,G,active,lift,76.8,5.0,89.7,65,5,115.0,384.0,1823.5,8154.81,-6.0,-0.3020672770300656,0.08033651282658916,False,False
2026-01-02,20260102,P08,Player 8,G,active,practice,73.2,3.7,187.6,88,56,135.0,270.84000000000003,1623.42,8425.65,-7.0,-0.714646972485765,-0.10972306004935561,False,False
2026-01-03,20260103,P08,Player 8,G,active,game,28.5,8.8,74.6,41,42,143.0,250.8,1608.78,8676.45,-3.0,0.935671809337033,-0.00901799903906575,False,False
2026-01-04,20260104,P08,Player 8,G,active,off,0.0,0.0,0.0,0,0,,0.0,1608.78,8676.45,-5.0,0.11051241842563396,0.0,False,False
2026-01-05,20260105,P08,Player 8,G,active,practice,93.0,5.7,236.6,167,90,157.0,530.1,1906.13,8533.35,-6.0,-0.3020672770300656,0.18482949812901706,False,False
2026-01-06,20260106,P08,Player 8,G,active,practice,82.5,4.9,173.9,78,78,165.0,404.25000000000006,1963.9900000000002,8044.35,-5.0,0.11051241842563396,0.030354697738349534,False,False
2026-01-07,20260107,P08,Player 8,G,active,conditioning,61.9,3.4,110.3,75,16,155.0,210.45999999999998,2050.4500000000003,7993.64,-7.0,-0.714646972485765,0.04402262740645324,False,False
2026-01-08,20260108,P08,Player 8,G,active,lift,56.0,5.2,65.9,30,2,148.0,291.2,1957.6500000000003,8113.9,-3.0,0.935671809337033,-0.04525835792143185,False,False
2026-01-09,20260109,P08,Player 8,G,active,practice,98.6,5.1,218.8,104,65,147.0,502.85999999999996,2189.67,8076.200000000001,-4.0,0.5230921138813335,0.1185196536663855,False,False
2026-01-10,20260110,P08,Player 8,G,active,game,24.3,8.5,67.6,54,48,158.0,206.55,2145.42,8094.11,-5.0,0.11051241842563396,-0.020208524572195796,False,False
2026-01-11,20260111,P08,Player 8,G,active,off,0.0,0.0,0.0,0,0,,0.0,2145.42,8094.11,-6.0,-0.3020672770300656,0.0,False,False
2026-01-12,20260112,P08,Player 8,G,active,practice,89.3,3.9,173.2,113,67,169.0,348.27,1963.59,8054.4800000000005,-7.0,-0.714646972485765,-0.08475263584752646,False,False
2026-01-13,20260113,P08,Player 8,G,active,practice,91.5,7.0,168.4,51,70,146.0,640.5,2199.84,8120.900000000001,-9.0,-1.5398063633971641,0.12031534077887973,False,True
2026-01-14,20260114,P08,Player 8,G,active,conditioning,57.5,7.0,113.4,54,25,141.0,402.5,2391.88,8079.04,-9.0,-1.5398063633971641,0.08729725798239873,False,True
2026-01-15,20260115,P08,Player 8,G,active,lift,61.1,2.5,66.1,72,9,131.0,152.75,2253.4300000000003,8067.25,-5.0,0.11051241842563396,-0.05788333862902817,False,False
2026-01-16,20260116,P08,Player 8,G,active,practice,102.8,6.8,202.7,91,53,146.0,699.04,2449.6099999999997,8370.89,-8.0,-1.1272266679414646,0.08705839542386462,False,True
2026-01-17,20260117,P08,Player 8,G,active,game,39.1,6.8,108.9,80,57,166.0,265.88,2508.9399999999996,8392.96,-5.0,0.11051241842563396,0.024220181988153122,False,False
2026-01-18,20260118,P08,Player 8,G,active,off,0.0,0.0,0.0,0,0,,0.0,2508.9399999999996,8392.96,-3.0,0.935671809337033,0.0,False,False
2026-01-19,20260119,P08,Player 8,G,active,practice,45.6,5.4,86.7,85,56,160.0,246.24000000000004,2406.91,8293.24,-2.0,1.3482515047927326,-0.04066657632306858,False,False
2026-01-20,20260120,P08,Player 8,G,active,practice,68.9,5.2,134.1,70,86,165.0,358.28000000000003,2124.69,8258.02,-2.0,1.3482515047927326,-0.11725407264916421,False,False
2026-01-21,20260121,P08,Player 8,G,active,conditioning,40.8,6.6,70.7,41,26,153.0,269.28,1991.47,8121.700000000001,-8.0,-1.1272266679414646,-0.06270091166240721,False,True
2026-01-22,20260122,P08,Player 8,G,active,lift,36.0,4.9,39.8,0,11,137.0,176.4,2015.1200000000001,8049.7,-2.0,1.3482515047927326,0.011875649645739061,False,False
2026-01-23,20260123,P08,Player 8,G,active,practice,71.0,7.0,159.3,111,76,156.0,497.0,1813.08,8075.780000000001,-6.0,-0.3020672770300656,-0.10026201913533694,False,False
2026-01-24,20260124,P08,Player 8,G,active,game,30.2,6.8,66.3,43,35,151.0,205.35999999999999,1752.56,8015.7,-7.0,-0.714646972485765,-0.03337966333531894,False,False
2026-01-25,20260125,P08,Player 8,G,active,off,0.0,0.0,0.0,0,0,,0.0,1752.56,8015.7,0.0,2.1734108957041314,0.0,False,False
2026-01-26,20260126,P08,Player 8,G,active,practice,66.9,5.8,163.2,131,71,156.0,388.02000000000004,1894.34,8170.97,-6.0,-0.3020672770300656,0.08089879947048884,False,False
2026-01-27,20260127,P08,Player 8,G,active,practice,63.7,7.2,168.3,95,69,141.0,458.64000000000004,1994.7,8283.22,-3.0,0.935671809337033,0.05297887390859102,False,False
2026-01-28,20260128,P08,Player 8,G,active,conditioning,27.6,7.1,44.4,7,26,,195.96,1921.38,8355.18,-5.0,0.11051241842563396,-0.03675740712889153,False,False
2026-01-29,20260129,P08,Player 8,G,active,lift,35.8,4.3,38.8,36,9,139.0,153.93999999999997,1898.9199999999998,8125.12,-5.0,0.11051241842563396,-0.011689514827884273,False,False
2026-01-30,20260130,P08,Player 8,G,active,practice,62.6,5.9,145.2,88,75,171.0,369.34000000000003,1771.2600000000002,8223.62,-4.0,0.5230921138813335,-0.06722768731700102,False,False
2026-01-31,20260131,P08,Player 8,G,active,game,25.4,7.5,70.0,53,35,161.0,190.5,1756.4,8163.320000000001,-5.0,0.11051241842563396,-0.008389508033829096,False,False
2026-02-01,20260201,P08,Player 8,G,active,off,0.0,0.0,0.0,0,0,,0.0,1756.4,8163.320000000001,-2.0,1.3482515047927326,0.0,False,False
2025-12-08,20251208,P09,Player 9,G,active,practice,66.3,6.0,141.7,97,87,170.0,397.79999999999995,397.79999999999995,397.79999999999995,-4.0,0.13802468013597272,,False,False
2025-12-09,20251209,P09,Player 9,G,active,practice,98.2,4.5,190.1,71,79,158.0,441.90000000000003,839.7,839.7,1.0,1.6839010976588682,1.1108597285067878,True,False
2025-12-10,20251210,P09,Player 9,G,active,conditioning,65.9,6.0,118.1,56,23,146.0,395.40000000000003,1235.1,1235.1,-7.0,-0.7895011703777645,0.4708824580207216,True,False
2025-12-11,20251211,P09,Player 9,G,active,lift,40.7,3.9,34.8,54,20,114.0,158.73000000000002,1393.83,1393.83,-7.0,-0.7895011703777645,0.12851590964294402,False,False
2025-12-12,20251212,P09,Player 9,G,active,practice,91.7,4.1,181.5,83,82,158.0,375.96999999999997,1769.8,1769.8,-2.0,0.7563752471451308,0.2697387773257858,True,False
2025-12-13,20251213,P09,Player 9,G,active,game,22.5,8.0,56.3,5,42,162.0,180.0,1949.8,1949.8,-2.0,0.7563752471451308,0.10170640750367266,False,False
2025-12-14,20251214,P09,Player 9,G,active,off,0.0,0.0,0.0,0,0,,0.0,1949.8,1949.8,1.0,1.6839010976588682,0.0,False,False
2025-12-15,20251215,P09,Player 9,G,active,practice,71.9,4.2,149.2,63,74,165.0,301.98,1853.98,2251.78,-1.0,1.06555053064971,-0.049143501897630504,False,False
2025-12-16,20251216,P09,Player 9,G,active,practice,94.8,5.7,217.5,108,79,161.0,540.36,1952.44,2792.1400000000003,-7.0,-0.7895011703777645,0.05310736901153201,False,False
2025-12-17,20251217,P09,Player 9,G,active,conditioning,57.1,5.6,95.8,68,26,146.0,319.76,1876.8,3111.9,-5.0,-0.17115060336860635,-0.03874126733728056,False,False
2025-12-18,20251218,P09,Player 9,G,active,lift,49.9,2.7,61.1,54,3,124.0,134.73000000000002,1852.8000000000002,3246.63,-3.0,0.4471999636405518,-0.012787723785166127,False,False
2025-12-19,20251219,P09,Player 9,G,active,practice,46.9,3.6,114.1,54,51,144.0,168.84,1645.67,3415.4700000000003,-4.0,0.13802468013597272,-0.11179296200345423,False,False
2025-12-20,20251220,P09,Player 9,G,active,game,29.4,7.4,76.2,51,39,141.0,217.56,1683.2300000000002,3633.03,-2.0,0.7563752471451308,0.022823530841541873,False,False
2025-12-21,20251221,P09,Player 9,G,active,off,0.0,0.0,0.0,0,0,,0.0,1683.2300000000002,3633.03,-5.0,-0.17115060336860635,0.0,False,False
2025-12-22,20251222,P09,Player 9,G,active,practice,75.6,5.7,149.5,72,52,146.0,430.91999999999996,1812.17,4063.95,-5.0,-0.17115060336860635,0.07660272214730002,False,False
2025-12-23,20251223,P09,Player 9,G,active,practice,81.6,6.4,179.0,65,82,176.0,522.24,1794.05,4586.1900000000005,-6.0,-0.48032588687318545,-0.00999906189816635,False,False
2025-12-24,20251224,P09,Player 9,G,active,conditioning,57.5,8.2,121.3,59,15,158.0,471.49999999999994,1945.79,5057.69,-13.0,-2.644552871405239,0.08457958250884867,False,True
2025-12-25,20251225,P09,Player 9,G,active,lift,45.5,2.8,48.5,15,0,124.0,127.39999999999999,1938.4599999999998,5185.09,-11.0,-2.026202304396081,-0.0037671074473607513,False,True
2025-12-26,20251226,P09,Player 9,G,active,practice,89.3,6.0,176.0,69,80,151.0,535.8,2305.42,5720.89,-8.0,-1.0986764538823435,0.18930491214675582,False,True
2025-12-27,20251227,P09,Player 9,G,active,game,30.4,6.9,81.2,47,39,166.0,209.76,2297.62,5930.65,-4.0,0.13802468013597272,-0.003383331453704841,False,False
2025-12-28,20251228,P09,Player 9,G,active,off,0.0,0.0,0.0,0,0,,0.0,2297.62,5930.65,-3.0,0.4471999636405518,0.0,False,False
2025-12-29,20251229,P09,Player 9,G,active,practice,76.6,3.3,177.3,79,71,157.0,252.77999999999997,2119.48,6183.43,-2.0,0.7563752471451308,-0.0775324030953769,False,False
2025-12-30,20251230,P09,Player 9,G,active,practice,64.4,5.9,140.3,111,58,142.0,379.96000000000004,1977.1999999999998,6563.39,-1.0,1.06555053064971,-0.06712967331609654,False,False
2025-12-31,20251231,P09,Player 9,G,active,conditioning,25.3,6.0,42.4,21,9,158.0,151.8,1657.5,6715.19,0.0,1.374725814154289,-0.16169330366174384,False,False
2026-01-01,20260101,P09,Player 9,G,active,lift,43.4,4.0,46.8,17,13,117.0,173.6,1703.7,6888.79,-4.0,0.13802468013597272,0.02787330316742076,False,False
2026-01-02,20260102,P09,Player 9,G,active,practice,69.5,5.1,138.7,93,48,133.0,354.45,1522.3500000000001,7243.24,2.0,1.993076381163447,-0.10644479661912298,False,False
2026-01-03,20260103,P09,Player 9,G,active,game,28.7,8.7,71.0,65,33,167.0,249.68999999999997,1562.2800000000002,7492.93,-5.0,-0.17115060336860635,0.026229185141393385,False,False
2026-01-04,20260104,P09,Player 9,G,active,off,0.0,0.0,0.0,0,0,,0.0,1562.2800000000002,7492.93,-3.0,0.4471999636405518,0.0,False,False
2026-01-05,20260105,P09,Player 9,G,active,practice,56.7,6.7,114.3,77,65,162.0,379.89000000000004,1689.3899999999999,7475.0199999999995,0.0,1.374725814154289,0.08136185574928922,False,False
2026-01-06,20260106,P09,Player 9,G,active,practice,93.5,6.1,230.0,144,57,155.0,570.35,1879.78,7603.47,-5.0,-0.17115060336860635,0.1126974825232776,False,False
2026-01-07,20260107,P09,Player 9,G,active,conditioning,75.7,5.7,159.2,69,11,143.0,431.49,2159.4700000000003,7639.5599999999995,-8.0,-1.0986764538823435,0.14878868803796208,False,True
2026-01-08,20260108,P09,Player 9,G,active,lift,40.1,5.7,44.8,28,28,123.0,228.57000000000002,2214.44,7709.400000000001,-7.0,-0.7895011703777645,0.025455320055383757,False,False
2026-01-09,20260109,P09,Player 9,G,active,practice,82.7,3.5,188.8,59,82,148.0,289.45,2149.44,7622.88,-3.0,0.4471999636405518,-0.02935279348277664,False,False
2026-01-10,20260110,P09,Player 9,G,active,game,27.2,8.8,66.6,48,41,138.0,239.36,2139.11,7682.24,-4.0,0.13802468013597272,-0.004805902932856876,False,False
2026-01-11,20260111,P09,Player 9,G,active,off,0.0,0.0,0.0,0,0,,0.0,2139.11,7682.24,-4.0,0.13802468013597272,0.0,False,False
2026-01-12,20260112,P09,Player 9,G,active,practice,88.4,8.1,173.1,72,60,156.0,716.04,2475.26,8096.3,-3.0,0.4471999636405518,0.15714479386286828,False,False
2026-01-13,20260113,P09,Player 9,G,active,practice,80.2,5.9,164.3,91,70,173.0,473.18000000000006,2378.09,8029.12,-8.0,-1.0986764538823435,-0.03925648214733002,False,True
2026-01-14,20260114,P09,Player 9,G,active,conditioning,62.3,5.1,136.7,70,26,157.0,317.72999999999996,2264.33,8027.09,-8.0,-1.0986764538823435,-0.04783670929191086,False,True
2026-01-15,20260115,P09,Player 9,G,active,lift,62.4,6.1,77.2,20,14,135.0,380.64,2416.4,8273.0,-2.0,0.7563752471451308,0.06715893884725288,False,False
2026-01-16,20260116,P09,Player 9,G,active,practice,114.5,5.1,252.9,175,74,162.0,583.9499999999999,2710.8999999999996,8688.11,-7.0,-0.7895011703777645,0.12187551729846025,False,False
2026-01-17,20260117,P09,Player 9,G,active,game,35.4,7.7,102.8,32,36,132.0,272.58,2744.12,8743.130000000001,-10.0,-1.7170270208915017,0.012254232911579344,False,True
2026-01-18,20260118,P09,Player 9,G,active,off,0.0,0.0,0.0,0,0,,0.0,2744.12,8743.130000000001,-5.0,-0.17115060336860635,0.0,False,False
2026-01-19,20260119,P09,Player 9,G,active,practice,93.6,4.1,187.6,123,96,153.0,383.75999999999993,2411.84,8695.97,-4.0,0.13802468013597272,-0.12108799906709611,False,False
2026-01-20,20260120,P09,Player 9,G,active,practice,101.3,5.6,204.7,77,75,152.0,567.28,2505.9399999999996,8741.01,-5.0,-0.17115060336860635,0.03901585511476702,False,False
2026-01-21,20260121,P09,Player 9,G,active,conditioning,46.2,8.2,84.7,46,51,136.0,378.84,2567.0499999999997,8648.35,-9.0,-1.4078517373869226,0.02438605872447064,False,True
2026-01-22,20260122,P09,Player 9,G,active,lift,51.7,3.4,60.0,33,7,126.0,175.78,2362.1899999999996,8696.730000000001,-9.0,-1.4078517373869226,-0.07980366568629371,False,True
2026-01-23,20260123,P09,Player 9,G,active,practice,99.5,4.7,234.4,142,53,133.0,467.65000000000003,2245.89,8628.58,-6.0,-0.48032588687318545,-0.04923397355843506,False,False
2026-01-24,20260124,P09,Player 9,G,active,game,27.3,8.5,79.3,30,38,152.0,232.05,2205.36,8650.869999999999,-9.0,-1.4078517373869226,-0.01804629790417156,False,True
2026-01-25,20260125,P09,Player 9,G,active,off,0.0,0.0,0.0,0,0,,0.0,2205.36,8650.869999999999,-1.0,1.06555053064971,0.0,False,False
2026-01-26,20260126,P09,Player 9,G,active,practice,64.2,4.7,134.5,43,63,147.0,301.74,2123.34,8699.83,-1.0,1.06555053064971,-0.03719120687778865,False,False
2026-01-27,20260127,P09,Player 9,G,active,practice,70.8,5.4,140.1,83,71,153.0,382.32,1938.38,8702.189999999999,-6.0,-0.48032588687318545,-0.08710804675652506,False,False
2026-01-28,20260128,P09,Player 9,G,active,conditioning,48.9,5.1,64.2,56,6,161.0,249.39,1808.93,8799.78,-4.0,0.13802468013597272,-0.06678257101290774,False,False
2026-01-29,20260129,P09,Player 9,G,active,lift,47.4,5.9,57.4,20,9,122.0,279.66,1912.8100000000002,8905.84,-6.0,-0.48032588687318545,0.05742621328630748,False,False
2026-01-30,20260130,P09,Player 9,G,active,practice,73.4,3.9,156.4,81,61,168.0,286.26,1731.42,8837.65,1.0,1.6839010976588682,-0.09482907345737424,False,False
2026-01-31,20260131,P09,Player 9,G,active,game,22.2,7.3,54.4,24,42,165.0,162.06,1661.43,8750.02,-6.0,-0.48032588687318545,-0.040423467442908145,False,False
2026-02-01,20260201,P09,Player 9,G,active,off,0.0,0.0,0.0,0,0,,0.0,1661.43,8750.02,0.0,1.374725814154289,0.0,False,False
2025-12-08,20251208,P10,Player 10,W,active,practice,93.4,6.2,231.5,141,47,158.0,579.08,579.08,579.08,-5.0,-0.5577067233749821,,False,False
2025-12-09,20251209,P10,Player 10,W,active,practice,97.4,4.8,228.8,121,72,169.0,467.52,1046.6,1046.6,-5.0,-0.5577067233749821,0.8073495890032463,True,False
2025-12-10,20251210,P10,Player 10,W,active,conditioning,47.9,6.1,98.2,58,20,155.0,292.19,1338.79,1338.79,-6.0,-0.8935301266975519,0.27918020256067266,True,False
2025-12-11,20251211,P10,Player 10,W,active,lift,47.1,3.8,45.1,24,6,126.0,178.98,1517.77,1517.77,-2.0,0.4497634865927276,0.1336878823415173,False,False
2025-12-12,20251212,P10,Player 10,W,active,practice,96.6,5.3,194.2,113,51,156.0,511.97999999999996,2029.75,2029.75,-5.0,-0.5577067233749821,0.3373238369449916,True,False
2025-12-13,20251213,P10,Player 10,W,active,game,35.2,7.8,69.0,61,45,161.0,274.56,2304.31,2304.31,-6.0,-0.8935301266975519,0.135267890134253,False,False
2025-12-14,20251214,P10,Player 10,W,active,off,0.0,0.0,0.0,0,0,,0.0,2304.31,2304.31,-1.0,0.7855868899152975,0.0,False,False
2025-12-15,20251215,P10,Player 10,W,active,practice,79.6,4.9,196.5,119,69,139.0,390.04,2115.27,2694.35,-4.0,-0.2218833200524122,-0.08203757306959569,False,False
2025-12-16,20251216,P10,Player 10,W,active,practice,111.1,4.6,236.0,131,78,135.0,511.05999999999995,2158.81,3205.41,-2.0,0.4497634865927276,0.020583660714707852,False,False
2025-12-17,20251217,P10,Player 10,W,active,conditioning,53.3,6.5,88.4,34,26,152.0,346.45,2213.07,3551.86,-10.0,-2.2368237399878317,0.0251342174623983,False,True
2025-12-18,20251218,P10,Player 10,W,active,lift,40.9,6.8,46.9,64,30,142.0,278.12,2312.21,3829.98,-3.0,0.11394008327015769,0.044797498497562094,False,False
2025-12-19,20251219,P10,Player 10,W,active,practice,81.8,4.9,173.5,62,65,158.0,400.82,2201.05,4230.8,-3.0,0.11394008327015769,-0.04807521808140258,False,False
2025-12-20,20251220,P10,Player 10,W,active,game,27.1,8.7,70.0,30,57,173.0,235.76999999999998,2162.26,4466.57,0.0,1.1214102932378673,-0.017623407010290526,False,False
2025-12-21,20251221,P10,Player 10,W,active,off,0.0,0.0,0.0,0,0,,0.0,2162.26,4466.57,0.0,1.1214102932378673,0.0,False,False
2025-12-22,20251222,P10,Player 10,W,active,practice,81.2,4.5,146.8,88,61,160.0,365.40000000000003,2137.62,4831.97,1.0,1.457233696560437,-0.01139548435433313,False,False
2025-12-23,20251223,P10,Player 10,W,active,practice,91.8,5.0,159.8,67,62,151.0,459.0,2085.56,5290.97,-3.0,0.11394008327015769,-0.024354188302878832,False,False
2025-12-24,20251224,P10,Player 10,W,active,conditioning,62.1,6.0,127.2,84,13,130.0,372.6,2111.71,5663.57,-7.0,-1.229353530020122,0.012538598745660767,False,True
2025-12-25,20251225,P10,Player 10,W,active,lift,61.1,2.9,56.2,29,17,131.0,177.19,2010.78,5840.76,-5.0,-0.5577067233749821,-0.047795388571347464,False,False
2025-12-26,20251226,P10,Player 10,W,active,practice,93.9,4.9,233.4,131,55,156.0,460.11000000000007,2070.07,6300.87,2.0,1.793057099883007,0.029486070082256788,False,False
2025-12-27,20251227,P10,Player 10,W,active,game,33.9,6.9,109.6,65,54,140.0,233.91,2068.21,6534.78,-4.0,-0.2218833200524122,-0.0008985203398919062,False,False
2025-12-28,20251228,P10,Player 10,W,active,off,0.0,0.0,0.0,0,0,,0.0,2068.21,6534.78,-3.0,0.11394008327015769,0.0,False,False
2025-12-29,20251229,P10,Player 10,W,active,practice,43.1,5.6,78.5,64,52,,241.35999999999999,1944.17,6776.14,1.0,1.457233696560437,-0.05997456737952145,False,False
2025-12-30,20251230,P10,Player 10,W,active,practice,68.1,5.9,156.9,93,75,153.0,401.78999999999996,1886.96,7177.93,-4.0,-0.2218833200524122,-0.0294264390459682,False,False
2025-12-31,20251231,P10,Player 10,W,active,conditioning,30.5,7.7,54.0,53,26,155.0,234.85,1749.21,7412.78,-3.0,0.11394008327015769,-0.07300101750964516,False,False
2026-01-01,20260101,P10,Player 10,W,active,lift,53.4,4.7,60.1,19,3,114.0,250.98,1823.0,7663.76,-3.0,0.11394008327015769,0.042184757690614694,False,False
2026-01-02,20260102,P10,Player 10,W,active,practice,71.8,7.5,129.2,24,45,146.0,538.5,1901.3899999999999,8202.26,-2.0,0.4497634865927276,0.043000548546352046,False,False
2026-01-03,20260103,P10,Player 10,W,active,game,21.2,7.2,43.2,33,39,166.0,152.64,1820.12,8354.9,-2.0,0.4497634865927276,-0.0427424147597284,False,False
2026-01-04,20260104,P10,Player 10,W,active,off,0.0,0.0,0.0,0,0,,0.0,1820.12,8354.9,-4.0,-0.2218833200524122,0.0,False,False
2026-01-05,20260105,P10,Player 10,W,active,practice,125.6,6.9,265.8,166,67,143.0,866.64,2445.3999999999996,8642.46,-4.0,-0.2218833200524122,0.3435377887172273,True,False
2026-01-06,20260106,P10,Player 10,W,active,practice,88.3,4.8,203.3,121,65,143.0,423.84,2467.45,8598.779999999999,-2.0,0.4497634865927276,0.009016929745645053,False,False
2026-01-07,20260107,P10,Player 10,W,active,conditioning,65.6,6.4,108.2,87,21,152.0,419.84,2652.44,8726.429999999998,-10.0,-2.2368237399878317,0.0749721372266916,False,True
2026-01-08,20260108,P10,Player 10,W,active,lift,60.0,5.1,44.8,6,0,117.0,306.0,2707.46,8853.449999999999,-7.0,-1.229353530020122,0.02074316478412319,False,True
2026-01-09,20260109,P10,Player 10,W,active,practice,101.3,5.4,207.7,98,56,151.0,547.02,2715.98,8888.49,-8.0,-1.5651769333426917,0.0031468608954519084,False,True
2026-01-10,20260110,P10,Player 10,W,active,game,29.9,8.5,65.7,21,63,163.0,254.14999999999998,2817.49,8868.08,-8.0,-1.5651769333426917,0.03737509112732784,False,True
2026-01-11,20260111,P10,Player 10,W,active,off,0.0,0.0,0.0,0,0,,0.0,2817.49,8868.08,-3.0,0.11394008327015769,0.0,False,False
2026-01-12,20260112,P10,Player 10,W,active,practice,95.4,4.7,196.6,117,58,142.0,448.38000000000005,2399.23,8926.42,4.0,2.464703906528147,-0.1484512811048131,False,False
2026-01-13,20260113,P10,Player 10,W,active,practice,102.8,5.7,243.3,133,66,158.0,585.96,2561.3500000000004,9001.32,-4.0,-0.2218833200524122,0.06757167924709195,False,False
2026-01-14,20260114,P10,Player 10,W,active,conditioning,57.7,6.4,103.3,74,8,154.0,369.28000000000003,2510.79,9024.15,-7.0,-1.229353530020122,-0.019739590450348565,False,True
2026-01-15,20260115,P10,Player 10,W,active,lift,62.6,3.1,65.9,33,6,122.0,194.06,2398.85,8940.09,-4.0,-0.2218833200524122,-0.04458357728045759,False,False
2026-01-16,20260116,P10,Player 10,W,active,practice,87.4,6.2,201.1,112,76,165.0,541.88,2393.71,9081.150000000001,-9.0,-1.9010003366652617,-0.0021426933739082665,False,True
2026-01-17,20260117,P10,Player 10,W,active,game,23.5,7.8,53.4,23,43,148.0,183.29999999999998,2322.8600000000006,9028.68,-4.0,-0.2218833200524122,-0.029598405821924745,False,False
2026-01-18,20260118,P10,Player 10,W,active,off,0.0,0.0,0.0,0,0,,0.0,2322.8600000000006,9028.68,-1.0,0.7855868899152975,0.0,False,False
2026-01-19,20260119,P10,Player 10,W,active,practice,83.5,5.6,159.7,83,71,156.0,467.59999999999997,2342.08,9130.880000000001,-3.0,0.11394008327015769,0.008274282565457813,False,False
2026-01-20,20260120,P10,Player 10,W,active,practice,82.8,4.8,164.8,119,44,144.0,397.44,2153.56,9069.320000000002,-4.0,-0.2218833200524122,-0.0804925536275447,False,False
2026-01-21,20260121,P10,Player 10,W,active,conditioning,49.7,7.2,76.4,22,31,152.0,357.84000000000003,2142.12,9054.56,-6.0,-0.8935301266975519,-0.005312134326417639,False,False
2026-01-22,20260122,P10,Player 10,W,active,lift,31.8,5.2,33.6,37,7,124.0,165.36,2113.42,9042.73,1.0,1.457233696560437,-0.013397942225458759,False,False
2026-01-23,20260123,P10,Player 10,W,active,practice,73.4,4.9,155.1,113,78,149.0,359.6600000000001,1931.2,8942.279999999999,0.0,1.1214102932378673,-0.08622043890944542,False,False
2026-01-24,20260124,P10,Player 10,W,active,game,18.6,6.8,46.8,33,43,156.0,126.48,1874.38,8834.85,0.0,1.1214102932378673,-0.02942212096106045,False,False
2026-01-25,20260125,P10,Player 10,W,active,off,0.0,0.0,0.0,0,0,,0.0,1874.38,8834.85,-2.0,0.4497634865927276,0.0,False,False
2026-01-26,20260126,P10,Player 10,W,active,practice,60.4,4.7,131.7,84,70,174.0,283.88,1690.6600000000003,8877.37,-3.0,0.11394008327015769,-0.09801641075982448,False,False
2026-01-27,20260127,P10,Player 10,W,active,practice,52.8,5.7,117.7,82,53,150.0,300.96,1594.1800000000003,8776.539999999999,1.0,1.457233696560437,-0.05706647108229923,False,False
2026-01-28,20260128,P10,Player 10,W,active,conditioning,17.5,7.3,35.5,0,11,158.0,127.75,1364.0900000000001,8669.439999999999,-2.0,0.4497634865927276,-0.14433125493984378,False,False
2026-01-29,20260129,P10,Player 10,W,active,lift,56.6,5.2,59.0,59,9,134.0,294.32,1493.0500000000002,8712.78,-2.0,0.4497634865927276,0.09453921662060427,False,False
2026-01-30,20260130,P10,Player 10,W,active,practice,65.1,5.6,141.7,114,53,148.0,364.55999999999995,1497.95,8538.84,-5.0,-0.5577067233749821,0.003281872676735409,False,False
2026-01-31,20260131,P10,Player 10,W,active,game,34.8,6.1,78.2,13,45,156.0,212.27999999999997,1583.75,8598.48,-7.0,-1.229353530020122,0.05727828031643245,False,True
2026-02-01,20260201,P10,Player 10,W,active,off,0.0,0.0,0.0,0,0,,0.0,1583.75,8598.48,0.0,1.1214102932378673,0.0,False,False
