date,player_id,session_type,minutes,sRPE,external_load,total_accels,jump_count,avg_hr,notes
2025-12-08,P01,practice,79.3,6.3,201.9,91,77,165.0,
2025-12-09,P01,practice,93.5,5.3,221.9,105,71,150.0,
2025-12-10,P01,conditioning,60.9,5.3,108.6,73,4,142.0,
2025-12-11,P01,lift,74.0,4.1,78.6,51,5,112.0,
2025-12-12,P01,practice,56.8,6.0,128.3,66,45,139.0,
2025-12-13,P01,game,20.2,6.5,64.4,36,32,163.0,
2025-12-14,P01,off,0.0,0.0,0.0,0,0,,
2025-12-15,P01,practice,70.5,7.0,147.1,103,73,161.0,
2025-12-16,P01,practice,84.8,5.9,163.3,111,66,153.0,
2025-12-17,P01,conditioning,41.4,7.5,84.8,49,32,150.0,
2025-12-18,P01,lift,62.9,4.5,83.2,72,5,141.0,
2025-12-19,P01,practice,85.9,4.5,183.4,100,79,157.0,
2025-12-20,P01,game,26.6,6.6,61.2,5,29,148.0,
2025-12-21,P01,off,0.0,0.0,0.0,0,0,,
2025-12-22,P01,practice,101.7,5.2,234.2,152,31,150.0,
2025-12-23,P01,practice,95.3,5.5,207.8,146,61,143.0,
2025-12-24,P01,conditioning,50.4,7.5,78.0,49,23,167.0,
2025-12-25,P01,lift,63.9,4.2,51.6,53,0,129.0,
2025-12-26,P01,practice,103.2,8.2,180.1,97,68,155.0,
2025-12-27,P01,game,36.8,8.9,80.6,50,50,153.0,
2025-12-28,P01,off,0.0,0.0,0.0,0,0,,
2025-12-29,P01,practice,52.6,2.9,104.3,83,66,164.0,
2025-12-30,P01,practice,67.8,3.1,149.8,85,56,155.0,
2025-12-31,P01,conditioning,45.0,5.2,75.9,33,17,148.0,
2026-01-01,P01,lift,62.1,4.2,74.8,0,29,119.0,
2026-01-02,P01,practice,71.4,6.0,139.6,88,55,140.0,
2026-01-03,P01,game,28.8,7.6,90.0,63,62,149.0,
2026-01-04,P01,off,0.0,0.0,0.0,0,0,,
2026-01-05,P01,practice,83.2,4.0,172.2,100,59,161.0,
2026-01-06,P01,practice,87.3,4.2,208.3,175,61,171.0,
2026-01-07,P01,conditioning,51.6,7.1,99.8,25,16,150.0,
2026-01-08,P01,lift,40.4,5.6,46.0,15,4,149.0,
2026-01-09,P01,practice,109.0,4.4,235.0,170,68,169.0,
2026-01-10,P01,game,26.9,5.6,66.8,35,47,155.0,
2026-01-11,P01,off,0.0,0.0,0.0,0,0,,
2026-01-12,P01,practice,69.3,4.1,163.9,101,61,148.0,
2026-01-13,P01,practice,71.1,7.3,160.2,122,66,156.0,
2026-01-14,P01,conditioning,47.3,8.2,96.3,33,28,143.0,
2026-01-15,P01,lift,45.9,5.9,40.5,62,20,123.0,
2026-01-16,P01,practice,111.8,5.9,210.3,153,54,157.0,
2026-01-17,P01,game,33.0,6.8,77.4,56,43,165.0,
2026-01-18,P01,off,0.0,0.0,0.0,0,0,,
2026-01-19,P01,practice,99.6,6.6,228.6,118,55,,
2026-01-20,P01,practice,70.4,6.1,155.3,73,72,152.0,
2026-01-21,P01,conditioning,64.3,4.8,119.7,67,0,161.0,
2026-01-22,P01,lift,53.7,5.2,60.2,19,0,126.0,
2026-01-23,P01,practice,66.0,5.4,118.8,53,63,149.0,
2026-01-24,P01,game,23.5,9.3,62.6,0,37,158.0,
2026-01-25,P01,off,0.0,0.0,0.0,0,0,,
2026-01-26,P01,practice,69.5,5.2,156.2,116,44,167.0,
2026-01-27,P01,practice,71.0,2.5,133.0,62,65,163.0,
2026-01-28,P01,conditioning,51.9,5.8,91.1,63,24,155.0,
2026-01-29,P01,lift,60.8,5.6,65.1,52,0,123.0,
2026-01-30,P01,practice,62.7,4.9,143.9,41,72,153.0,
2026-01-31,P01,game,34.8,5.7,87.0,43,54,154.0,
2026-02-01,P01,off,0.0,0.0,0.0,0,0,,
2025-12-08,P02,practice,92.4,6.2,195.4,92,64,153.0,
2025-12-09,P02,practice,86.9,4.8,187.5,109,72,163.0,
2025-12-10,P02,conditioning,47.1,7.3,65.7,45,15,155.0,
2025-12-11,P02,lift,43.4,4.7,47.4,0,10,124.0,
2025-12-12,P02,practice,86.8,5.8,189.4,106,69,157.0,
2025-12-13,P02,game,25.0,6.5,71.1,32,41,152.0,
2025-12-14,P02,off,0.0,0.0,0.0,0,0,,
2025-12-15,P02,practice,106.0,5.4,255.3,110,62,147.0,
2025-12-16,P02,practice,95.7,6.8,192.5,91,53,178.0,
2025-12-17,P02,conditioning,54.7,7.0,86.4,60,19,134.0,
2025-12-18,P02,lift,53.9,4.4,62.3,38,14,133.0,
2025-12-19,P02,practice,81.7,5.0,158.6,82,67,146.0,
2025-12-20,P02,game,35.0,8.4,73.6,10,60,151.0,
2025-12-21,P02,off,0.0,0.0,0.0,0,0,,
2025-12-22,P02,practice,95.9,3.7,214.6,120,73,162.0,
2025-12-23,P02,practice,97.3,4.4,211.3,101,60,159.0,
2025-12-24,P02,conditioning,59.6,7.2,113.6,50,22,158.0,
2025-12-25,P02,lift,52.4,4.6,51.4,22,17,127.0,
2025-12-26,P02,practice,86.5,4.7,188.8,102,81,168.0,
2025-12-27,P02,game,37.3,5.5,91.7,45,54,160.0,
2025-12-28,P02,off,0.0,0.0,0.0,0,0,,
2025-12-29,P02,practice,65.1,4.5,164.9,60,81,158.0,
2025-12-30,P02,practice,40.5,3.8,63.4,73,49,155.0,
2025-12-31,P02,conditioning,41.3,6.1,55.7,27,21,145.0,
2026-01-01,P02,lift,35.6,6.6,30.1,16,12,141.0,
2026-01-02,P02,practice,61.9,4.5,154.3,81,67,156.0,
2026-01-03,P02,game,29.4,8.3,78.6,7,44,162.0,
2026-01-04,P02,off,0.0,0.0,0.0,0,0,,
2026-01-05,P02,practice,70.8,5.2,168.8,117,54,160.0,
2026-01-06,P02,practice,87.4,4.5,187.1,109,54,167.0,
2026-01-07,P02,conditioning,63.4,5.9,113.2,46,20,151.0,
2026-01-08,P02,lift,58.5,5.2,72.3,21,18,124.0,
2026-01-09,P02,practice,83.8,5.5,176.2,100,55,157.0,
2026-01-10,P02,game,19.2,7.1,43.9,59,41,,
2026-01-11,P02,off,0.0,0.0,0.0,0,0,,
2026-01-12,P02,practice,87.6,3.9,215.2,110,72,153.0,
2026-01-13,P02,practice,113.7,5.3,174.1,109,89,162.0,
2026-01-14,P02,conditioning,64.0,5.5,106.6,56,18,142.0,
2026-01-15,P02,lift,56.2,5.6,55.1,15,24,128.0,
2026-01-16,P02,practice,62.7,4.5,122.9,83,79,156.0,
2026-01-17,P02,game,20.7,7.2,49.5,27,59,144.0,
2026-01-18,P02,off,0.0,0.0,0.0,0,0,,
2026-01-19,P02,practice,75.4,5.4,168.4,74,63,153.0,
2026-01-20,P02,practice,126.1,7.9,247.0,139,76,161.0,
2026-01-21,P02,conditioning,65.5,6.6,119.4,36,28,161.0,
2026-01-22,P02,lift,41.4,4.4,40.1,37,12,141.0,
2026-01-23,P02,practice,90.2,5.0,214.0,90,56,143.0,
2026-01-24,P02,game,22.4,8.0,51.3,33,60,144.0,
2026-01-25,P02,off,0.0,0.0,0.0,0,0,,
2026-01-26,P02,practice,47.4,3.3,97.0,59,67,,
2026-01-27,P02,practice,52.0,6.7,103.6,87,91,169.0,
2026-01-28,P02,conditioning,44.8,4.3,80.6,47,20,164.0,
2026-01-29,P02,lift,40.3,4.6,51.0,46,10,129.0,
2026-01-30,P02,practice,35.4,5.7,66.9,26,77,158.0,
2026-01-31,P02,game,30.5,6.1,86.7,24,55,161.0,
2026-02-01,P02,off,0.0,0.0,0.0,0,0,,
2025-12-08,P03,practice,87.1,6.3,187.6,73,65,145.0,
2025-12-09,P03,practice,82.4,6.3,164.1,62,70,139.0,
2025-12-10,P03,conditioning,36.7,5.6,72.5,54,11,149.0,
2025-12-11,P03,lift,61.0,3.9,78.4,32,1,132.0,
2025-12-12,P03,practice,119.6,5.7,242.9,127,62,156.0,
2025-12-13,P03,game,31.3,8.8,66.9,43,33,144.0,
2025-12-14,P03,off,0.0,0.0,0.0,0,0,,
2025-12-15,P03,practice,119.7,7.2,208.1,95,75,155.0,
2025-12-16,P03,practice,61.8,6.1,120.2,43,53,146.0,
2025-12-17,P03,conditioning,63.6,7.5,109.2,50,25,170.0,
2025-12-18,P03,lift,46.3,6.3,47.5,51,11,145.0,
2025-12-19,P03,practice,57.9,5.2,134.7,51,74,131.0,
2025-12-20,P03,game,24.8,8.0,58.8,23,52,164.0,
2025-12-21,P03,off,0.0,0.0,0.0,0,0,,
2025-12-22,P03,practice,94.2,5.9,252.7,117,64,149.0,
2025-12-23,P03,practice,70.7,5.6,154.6,64,72,139.0,
2025-12-24,P03,conditioning,79.5,5.0,123.2,82,22,153.0,
2025-12-25,P03,lift,68.3,5.7,61.8,13,2,137.0,
2025-12-26,P03,practice,79.0,7.3,172.8,100,71,156.0,
2025-12-27,P03,game,17.1,8.1,45.2,39,58,143.0,
2025-12-28,P03,off,0.0,0.0,0.0,0,0,,
2025-12-29,P03,practice,70.6,5.0,124.2,96,48,163.0,
2025-12-30,P03,practice,63.0,5.1,152.4,74,75,137.0,
2025-12-31,P03,conditioning,51.9,5.6,99.6,65,23,176.0,
2026-01-01,P03,lift,41.7,4.0,50.5,16,0,159.0,
2026-01-02,P03,practice,58.3,4.5,111.9,77,67,152.0,
2026-01-03,P03,game,19.3,6.7,52.9,30,36,128.0,
2026-01-04,P03,off,0.0,0.0,0.0,0,0,,
2026-01-05,P03,practice,88.3,6.2,201.4,108,69,143.0,
2026-01-06,P03,practice,77.4,4.4,194.2,98,74,141.0,
2026-01-07,P03,conditioning,52.2,3.4,90.8,36,10,149.0,
2026-01-08,P03,lift,38.6,2.7,42.4,45,0,128.0,
2026-01-09,P03,practice,77.1,5.4,172.8,84,74,157.0,
2026-01-10,P03,game,38.8,7.2,96.9,85,52,141.0,
2026-01-11,P03,off,0.0,0.0,0.0,0,0,,
2026-01-12,P03,practice,73.8,5.5,150.9,118,62,155.0,
2026-01-13,P03,practice,85.8,5.8,179.3,108,78,147.0,
2026-01-14,P03,conditioning,65.0,3.9,105.4,41,20,144.0,
2026-01-15,P03,lift,62.2,4.1,66.0,35,9,141.0,
2026-01-16,P03,practice,70.4,6.0,171.2,101,57,140.0,
2026-01-17,P03,game,29.9,7.1,78.1,35,58,153.0,
2026-01-18,P03,off,0.0,0.0,0.0,0,0,,
2026-01-19,P03,practice,87.4,5.0,188.6,103,75,156.0,
2026-01-20,P03,practice,88.9,5.2,156.2,95,48,164.0,
2026-01-21,P03,conditioning,61.9,6.3,113.3,60,0,152.0,
2026-01-22,P03,lift,38.9,5.5,44.3,0,30,127.0,
2026-01-23,P03,practice,83.4,6.0,158.8,103,55,155.0,
2026-01-24,P03,game,16.9,5.7,45.9,26,24,161.0,
2026-01-25,P03,off,0.0,0.0,0.0,0,0,,
2026-01-26,P03,practice,79.1,5.7,183.3,89,78,157.0,
2026-01-27,P03,practice,53.9,5.3,113.3,59,66,153.0,
2026-01-28,P03,conditioning,48.7,6.2,86.8,41,5,162.0,
2026-01-29,P03,lift,51.4,4.0,49.8,72,5,132.0,
2026-01-30,P03,practice,77.7,5.2,148.6,99,80,,
2026-01-31,P03,game,27.3,7.1,61.9,30,44,161.0,
2026-02-01,P03,off,0.0,0.0,0.0,0,0,,
2025-12-08,P04,practice,92.2,5.4,189.3,92,60,160.0,
2025-12-09,P04,practice,83.4,6.3,189.4,92,75,142.0,
2025-12-10,P04,conditioning,71.4,8.2,154.7,100,20,163.0,
2025-12-11,P04,lift,39.6,3.6,43.1,0,6,112.0,
2025-12-12,P04,practice,91.5,5.8,206.4,123,58,142.0,
2025-12-13,P04,game,31.9,8.2,71.3,15,44,161.0,
2025-12-14,P04,off,0.0,0.0,0.0,0,0,,
2025-12-15,P04,practice,86.9,6.0,184.5,122,72,149.0,
2025-12-16,P04,practice,99.9,6.0,216.5,108,80,153.0,
2025-12-17,P04,conditioning,53.9,3.8,91.7,56,20,156.0,
2025-12-18,P04,lift,44.4,3.9,45.9,39,12,137.0,
2025-12-19,P04,practice,114.9,6.7,253.7,101,53,148.0,
2025-12-20,P04,game,21.9,7.2,55.0,25,38,136.0,
2025-12-21,P04,off,0.0,0.0,0.0,0,0,,
2025-12-22,P04,practice,77.8,6.2,149.1,70,53,151.0,
2025-12-23,P04,practice,79.1,4.1,125.6,63,67,146.0,
2025-12-24,P04,conditioning,39.7,5.5,69.2,80,9,137.0,
2025-12-25,P04,lift,51.2,4.0,60.3,53,4,134.0,
2025-12-26,P04,practice,85.7,5.1,179.1,107,66,153.0,
2025-12-27,P04,game,20.6,6.2,43.3,37,44,151.0,
2025-12-28,P04,off,0.0,0.0,0.0,0,0,,
2025-12-29,P04,practice,70.9,4.5,120.5,59,60,146.0,
2025-12-30,P04,practice,75.2,5.5,129.2,107,51,173.0,
2025-12-31,P04,conditioning,41.3,4.9,71.1,54,18,149.0,
2026-01-01,P04,lift,38.3,6.2,44.3,40,8,115.0,
2026-01-02,P04,practice,63.9,6.2,135.9,114,68,138.0,
2026-01-03,P04,game,27.7,8.7,60.5,33,42,158.0,
2026-01-04,P04,off,0.0,0.0,0.0,0,0,,
2026-01-05,P04,practice,67.6,4.2,168.1,84,83,155.0,
2026-01-06,P04,practice,73.3,6.7,157.0,56,61,155.0,
2026-01-07,P04,conditioning,57.5,5.4,111.3,52,35,165.0,
2026-01-08,P04,lift,46.3,5.8,52.0,36,12,119.0,
2026-01-09,P04,practice,101.7,5.3,201.7,100,68,150.0,
2026-01-10,P04,game,24.6,6.9,63.9,55,39,148.0,
2026-01-11,P04,off,0.0,0.0,0.0,0,0,,
2026-01-12,P04,practice,91.5,6.7,193.1,86,64,160.0,
2026-01-13,P04,practice,85.5,6.0,195.5,124,66,149.0,
2026-01-14,P04,conditioning,58.5,5.8,129.6,80,14,152.0,
2026-01-15,P04,lift,34.5,5.3,38.5,56,4,126.0,
2026-01-16,P04,practice,87.9,4.7,188.1,90,76,156.0,
2026-01-17,P04,game,43.6,7.7,105.2,69,45,152.0,
2026-01-18,P04,off,0.0,0.0,0.0,0,0,,
2026-01-19,P04,practice,54.6,4.3,120.1,59,80,168.0,
2026-01-20,P04,practice,81.9,5.2,169.6,89,54,163.0,
2026-01-21,P04,conditioning,75.7,6.4,138.5,73,2,159.0,
2026-01-22,P04,lift,57.5,4.9,64.2,22,17,131.0,
2026-01-23,P04,practice,99.9,5.6,253.0,141,59,147.0,
2026-01-24,P04,game,37.5,7.2,92.8,42,44,166.0,
2026-01-25,P04,off,0.0,0.0,0.0,0,0,,
2026-01-26,P04,practice,71.6,4.8,148.7,78,68,150.0,
2026-01-27,P04,practice,76.6,3.8,188.3,89,83,167.0,
2026-01-28,P04,conditioning,35.9,2.4,76.6,36,28,148.0,
2026-01-29,P04,lift,52.8,1.7,55.3,41,8,126.0,
2026-01-30,P04,practice,65.7,5.1,144.0,75,57,150.0,
2026-01-31,P04,game,22.1,8.1,52.6,31,47,160.0,
2026-02-01,P04,off,0.0,0.0,0.0,0,0,,
2025-12-08,P05,practice,78.6,6.4,152.5,94,38,,
2025-12-09,P05,practice,68.3,4.8,164.8,79,58,144.0,
2025-12-10,P05,conditioning,37.7,6.6,71.7,22,16,176.0,
2025-12-11,P05,lift,51.2,4.0,59.0,55,5,124.0,
2025-12-12,P05,practice,72.3,4.8,165.9,110,80,144.0,
2025-12-13,P05,game,22.7,6.1,57.8,15,56,150.0,
2025-12-14,P05,off,0.0,0.0,0.0,0,0,,
2025-12-15,P05,practice,62.8,3.6,150.3,48,51,160.0,
2025-12-16,P05,practice,65.7,2.1,154.2,103,43,147.0,
2025-12-17,P05,conditioning,40.9,6.1,68.7,43,16,131.0,
2025-12-18,P05,lift,44.3,4.5,47.5,14,11,148.0,
2025-12-19,P05,practice,72.2,5.2,164.3,90,62,152.0,
2025-12-20,P05,game,17.8,6.7,50.8,0,29,161.0,
2025-12-21,P05,off,0.0,0.0,0.0,0,0,,
2025-12-22,P05,practice,75.0,4.3,182.4,109,39,156.0,
2025-12-23,P05,practice,84.0,4.4,220.8,99,54,168.0,
2025-12-24,P05,conditioning,37.6,6.6,75.6,48,27,161.0,
2025-12-25,P05,lift,37.4,5.0,35.6,77,21,137.0,
2025-12-26,P05,practice,64.8,5.1,137.4,74,64,159.0,
2025-12-27,P05,game,25.1,6.3,59.0,49,53,162.0,
2025-12-28,P05,off,0.0,0.0,0.0,0,0,,
2025-12-29,P05,practice,49.6,2.6,101.9,55,45,155.0,
2025-12-30,P05,practice,57.2,5.6,124.0,87,63,160.0,
2025-12-31,P05,conditioning,34.6,5.0,65.6,50,2,173.0,
2026-01-01,P05,lift,34.9,4.0,32.4,0,4,121.0,
2026-01-02,P05,practice,60.8,4.3,138.8,46,39,162.0,
2026-01-03,P05,game,24.5,6.9,68.8,27,44,163.0,
2026-01-04,P05,off,0.0,0.0,0.0,0,0,,
2026-01-05,P05,practice,71.6,5.5,160.7,82,58,177.0,
2026-01-06,P05,practice,78.2,3.6,152.7,105,60,170.0,
2026-01-07,P05,conditioning,46.5,4.9,80.6,58,0,150.0,
2026-01-08,P05,lift,40.2,5.0,47.2,42,7,137.0,
2026-01-09,P05,practice,80.5,4.5,159.5,65,56,144.0,
2026-01-10,P05,game,18.4,7.9,43.2,10,40,157.0,
2026-01-11,P05,off,0.0,0.0,0.0,0,0,,
2026-01-12,P05,practice,69.8,4.1,153.2,63,51,140.0,
2026-01-13,P05,practice,83.8,4.0,205.6,112,53,161.0,
2026-01-14,P05,conditioning,68.0,6.7,124.4,78,13,163.0,
2026-01-15,P05,lift,38.0,3.6,43.6,0,16,114.0,
2026-01-16,P05,practice,74.9,5.6,177.1,80,60,133.0,
2026-01-17,P05,game,24.9,5.6,64.9,36,34,127.0,
2026-01-18,P05,off,0.0,0.0,0.0,0,0,,
2026-01-19,P05,practice,71.3,4.9,162.2,82,55,151.0,
2026-01-20,P05,practice,54.6,6.2,127.5,69,60,177.0,
2026-01-21,P05,conditioning,47.6,5.4,85.2,48,20,156.0,
2026-01-22,P05,lift,42.6,1.4,50.1,30,15,120.0,
2026-01-23,P05,practice,71.0,3.2,137.6,109,50,147.0,
2026-01-24,P05,game,19.8,6.9,48.6,21,45,168.0,
2026-01-25,P05,off,0.0,0.0,0.0,0,0,,
2026-01-26,P05,practice,55.4,4.7,136.4,98,51,167.0,
2026-01-27,P05,practice,37.5,3.6,79.3,23,63,166.0,
2026-01-28,P05,conditioning,40.3,5.9,78.3,80,17,161.0,
2026-01-29,P05,lift,27.6,3.3,29.2,12,11,121.0,
2026-01-30,P05,practice,52.1,4.7,103.8,55,39,152.0,
2026-01-31,P05,game,33.4,7.1,82.9,34,42,149.0,
2026-02-01,P05,off,0.0,0.0,0.0,0,0,,
2025-12-08,P06,practice,82.9,5.0,189.5,89,78,150.0,
2025-12-09,P06,practice,84.4,6.0,197.2,77,91,,
2025-12-10,P06,conditioning,32.4,4.3,61.9,28,33,159.0,
2025-12-11,P06,lift,30.0,3.3,32.3,0,0,131.0,
2025-12-12,P06,practice,75.7,4.1,169.9,101,66,170.0,
2025-12-13,P06,game,27.0,6.2,66.9,67,54,142.0,
2025-12-14,P06,off,0.0,0.0,0.0,0,0,,
2025-12-15,P06,practice,76.1,7.7,182.0,130,46,149.0,
2025-12-16,P06,practice,98.4,7.5,257.4,139,45,148.0,
2025-12-17,P06,conditioning,36.0,4.8,56.7,40,25,,
2025-12-18,P06,lift,51.9,4.1,58.8,41,0,142.0,
2025-12-19,P06,practice,53.9,5.5,118.5,82,64,139.0,
2025-12-20,P06,game,34.8,7.9,92.4,33,54,156.0,
2025-12-21,P06,off,0.0,0.0,0.0,0,0,,
2025-12-22,P06,practice,87.4,5.0,225.2,113,53,165.0,
2025-12-23,P06,practice,84.5,5.4,155.9,145,71,161.0,
2025-12-24,P06,conditioning,66.9,5.6,108.8,82,17,147.0,
2025-12-25,P06,lift,38.2,5.0,44.5,39,18,,
2025-12-26,P06,practice,74.6,4.7,162.5,67,54,147.0,
2025-12-27,P06,game,24.7,8.5,71.7,0,43,149.0,
2025-12-28,P06,off,0.0,0.0,0.0,0,0,,
2025-12-29,P06,practice,64.7,5.1,131.1,114,59,154.0,
2025-12-30,P06,practice,35.6,4.0,75.6,67,64,148.0,
2025-12-31,P06,conditioning,51.0,6.4,92.5,65,2,166.0,
2026-01-01,P06,lift,63.1,4.5,62.9,28,8,132.0,
2026-01-02,P06,practice,64.6,3.2,154.2,87,68,158.0,
2026-01-03,P06,game,21.4,7.9,57.0,71,44,158.0,
2026-01-04,P06,off,0.0,0.0,0.0,0,0,,
2026-01-05,P06,practice,90.7,5.6,192.1,97,67,,
2026-01-06,P06,practice,74.3,5.7,190.4,79,58,155.0,
2026-01-07,P06,conditioning,56.8,5.5,101.8,80,14,140.0,
2026-01-08,P06,lift,51.0,4.3,54.3,0,1,,
2026-01-09,P06,practice,64.3,5.5,130.5,78,90,150.0,
2026-01-10,P06,game,34.2,8.6,82.3,26,42,143.0,
2026-01-11,P06,off,0.0,0.0,0.0,0,0,,
2026-01-12,P06,practice,94.0,5.0,217.4,145,64,,
2026-01-13,P06,practice,91.7,4.3,196.3,94,74,151.0,
2026-01-14,P06,conditioning,50.1,6.6,92.4,37,32,153.0,
2026-01-15,P06,lift,43.1,2.0,49.6,18,21,154.0,
2026-01-16,P06,practice,100.0,5.3,218.8,126,76,154.0,
2026-01-17,P06,game,35.7,8.2,91.0,80,57,162.0,
2026-01-18,P06,off,0.0,0.0,0.0,0,0,,
2026-01-19,P06,practice,82.6,7.8,172.4,112,69,160.0,
2026-01-20,P06,practice,67.2,4.6,160.7,103,54,157.0,
2026-01-21,P06,conditioning,61.2,7.4,116.6,107,32,151.0,
2026-01-22,P06,lift,66.6,4.7,62.9,35,2,126.0,
2026-01-23,P06,practice,85.2,6.9,157.0,133,68,175.0,
2026-01-24,P06,game,29.4,7.3,78.3,42,47,167.0,
2026-01-25,P06,off,0.0,0.0,0.0,0,0,,
2026-01-26,P06,practice,54.2,4.0,110.7,62,51,147.0,
2026-01-27,P06,practice,68.7,3.9,155.8,109,51,150.0,
2026-01-28,P06,conditioning,50.8,5.0,88.9,58,20,150.0,
2026-01-29,P06,lift,50.5,5.8,48.6,34,14,136.0,
2026-01-30,P06,practice,62.5,3.1,141.3,47,60,173.0,
2026-01-31,P06,game,22.2,6.5,53.9,33,48,159.0,
2026-02-01,P06,off,0.0,0.0,0.0,0,0,,
2025-12-08,P07,practice,96.1,5.6,180.9,71,63,141.0,
2025-12-09,P07,practice,89.0,5.3,161.5,71,60,160.0,
2025-12-10,P07,conditioning,76.3,5.6,143.4,38,17,136.0,
2025-12-11,P07,lift,39.5,5.2,40.3,2,9,135.0,
2025-12-12,P07,practice,70.4,7.5,134.1,66,68,157.0,
2025-12-13,P07,game,27.6,6.7,64.6,29,61,173.0,
2025-12-14,P07,off,0.0,0.0,0.0,0,0,,
2025-12-15,P07,practice,119.4,4.8,263.4,122,68,160.0,
2025-12-16,P07,practice,81.5,6.3,162.7,74,68,166.0,
2025-12-17,P07,conditioning,28.2,7.4,48.0,2,28,160.0,
2025-12-18,P07,lift,55.8,4.8,69.3,59,0,117.0,
2025-12-19,P07,practice,83.0,5.4,179.4,100,84,150.0,
2025-12-20,P07,game,25.1,7.8,63.6,58,38,147.0,
2025-12-21,P07,off,0.0,0.0,0.0,0,0,,
2025-12-22,P07,practice,79.1,6.1,183.8,118,67,158.0,
2025-12-23,P07,practice,79.6,3.8,157.2,97,70,168.0,
2025-12-24,P07,conditioning,39.9,4.1,70.9,46,25,161.0,
2025-12-25,P07,lift,63.3,5.2,61.9,44,4,127.0,
2025-12-26,P07,practice,94.3,3.9,190.5,115,60,149.0,
2025-12-27,P07,game,38.2,8.6,118.3,57,53,167.0,
2025-12-28,P07,off,0.0,0.0,0.0,0,0,,
2025-12-29,P07,practice,54.8,5.6,99.9,28,76,158.0,
2025-12-30,P07,practice,69.1,4.4,148.1,36,68,157.0,
2025-12-31,P07,conditioning,43.8,6.9,85.3,63,12,146.0,
2026-01-01,P07,lift,50.8,5.2,59.8,60,19,123.0,
2026-01-02,P07,practice,69.6,5.8,165.8,84,71,140.0,
2026-01-03,P07,game,29.5,6.7,67.5,34,44,140.0,
2026-01-04,P07,off,0.0,0.0,0.0,0,0,,
2026-01-05,P07,practice,92.9,7.4,215.8,84,51,160.0,
2026-01-06,P07,practice,74.2,4.6,173.4,102,59,153.0,
2026-01-07,P07,conditioning,58.2,4.9,110.3,48,28,148.0,
2026-01-08,P07,lift,45.6,4.2,49.0,23,4,118.0,
2026-01-09,P07,practice,61.3,5.0,138.7,92,67,168.0,
2026-01-10,P07,game,30.8,6.7,83.8,73,50,157.0,
2026-01-11,P07,off,0.0,0.0,0.0,0,0,,
2026-01-12,P07,practice,76.5,5.6,139.8,104,66,149.0,
2026-01-13,P07,practice,93.4,4.4,182.4,106,62,160.0,
2026-01-14,P07,conditioning,62.7,7.7,94.7,43,29,154.0,
2026-01-15,P07,lift,46.1,3.8,59.7,35,4,128.0,
2026-01-16,P07,practice,86.8,7.7,180.1,110,60,149.0,
2026-01-17,P07,game,26.2,8.4,57.5,22,39,154.0,
2026-01-18,P07,off,0.0,0.0,0.0,0,0,,
2026-01-19,P07,practice,81.7,5.2,161.6,74,69,156.0,
2026-01-20,P07,practice,69.0,2.8,179.0,115,46,148.0,
2026-01-21,P07,conditioning,54.3,5.2,101.8,76,28,171.0,
2026-01-22,P07,lift,64.1,5.8,74.2,50,1,,
2026-01-23,P07,practice,101.9,5.5,225.8,86,63,173.0,
2026-01-24,P07,game,24.1,7.7,52.6,34,49,169.0,
2026-01-25,P07,off,0.0,0.0,0.0,0,0,,
2026-01-26,P07,practice,57.2,4.2,120.2,65,70,161.0,
2026-01-27,P07,practice,60.3,4.5,128.4,73,57,170.0,
2026-01-28,P07,conditioning,45.9,4.0,81.0,68,32,153.0,
2026-01-29,P07,lift,31.8,4.3,28.2,53,13,123.0,
2026-01-30,P07,practice,58.3,4.2,126.9,117,55,161.0,
2026-01-31,P07,game,32.9,8.4,81.3,45,56,143.0,
2026-02-01,P07,off,0.0,0.0,0.0,0,0,,
2025-12-08,P08,practice,112.2,6.0,252.8,100,58,157.0,
2025-12-09,P08,practice,119.1,7.5,202.2,122,55,150.0,
2025-12-10,P08,conditioning,53.3,4.9,102.5,56,8,163.0,
2025-12-11,P08,lift,51.8,3.3,54.2,13,10,135.0,
2025-12-12,P08,practice,93.2,5.8,220.8,151,58,145.0,
2025-12-13,P08,game,26.2,7.2,64.8,11,22,157.0,
2025-12-14,P08,off,0.0,0.0,0.0,0,0,,
2025-12-15,P08,practice,86.2,4.5,168.5,78,49,164.0,
2025-12-16,P08,practice,110.4,5.2,230.8,137,74,154.0,
2025-12-17,P08,conditioning,64.4,6.9,119.1,50,12,164.0,
2025-12-18,P08,lift,43.3,3.8,48.6,69,15,139.0,
2025-12-19,P08,practice,65.9,6.0,109.8,44,51,153.0,
2025-12-20,P08,game,30.1,8.1,61.4,59,39,152.0,
2025-12-21,P08,off,0.0,0.0,0.0,0,0,,
2025-12-22,P08,practice,55.8,6.2,116.9,68,40,146.0,
2025-12-23,P08,practice,78.7,5.0,187.5,67,45,148.0,
2025-12-24,P08,conditioning,52.0,7.8,85.5,30,26,154.0,
2025-12-25,P08,lift,54.0,4.6,66.4,54,7,141.0,
2025-12-26,P08,practice,77.2,6.1,166.7,45,67,150.0,
2025-12-27,P08,game,31.6,8.4,72.0,0,47,153.0,
2025-12-28,P08,off,0.0,0.0,0.0,0,0,,
2025-12-29,P08,practice,66.5,3.5,147.0,105,42,125.0,
2025-12-30,P08,practice,73.7,4.7,168.2,81,69,140.0,
2025-12-31,P08,conditioning,31.0,4.0,55.3,15,12,145.0,
2026-01-01,P08,lift,76.8,5.0,89.7,65,5,115.0,
2026-01-02,P08,practice,73.2,3.7,187.6,88,56,135.0,
2026-01-03,P08,game,28.5,8.8,74.6,41,42,143.0,
2026-01-04,P08,off,0.0,0.0,0.0,0,0,,
2026-01-05,P08,practice,93.0,5.7,236.6,167,90,157.0,
2026-01-06,P08,practice,82.5,4.9,173.9,78,78,165.0,
2026-01-07,P08,conditioning,61.9,3.4,110.3,75,16,155.0,
2026-01-08,P08,lift,56.0,5.2,65.9,30,2,148.0,
2026-01-09,P08,practice,98.6,5.1,218.8,104,65,147.0,
2026-01-10,P08,game,24.3,8.5,67.6,54,48,158.0,
2026-01-11,P08,off,0.0,0.0,0.0,0,0,,
2026-01-12,P08,practice,89.3,3.9,173.2,113,67,169.0,
2026-01-13,P08,practice,91.5,7.0,168.4,51,70,146.0,
2026-01-14,P08,conditioning,57.5,7.0,113.4,54,25,141.0,
2026-01-15,P08,lift,61.1,2.5,66.1,72,9,131.0,
2026-01-16,P08,practice,102.8,6.8,202.7,91,53,146.0,
2026-01-17,P08,game,39.1,6.8,108.9,80,57,166.0,
2026-01-18,P08,off,0.0,0.0,0.0,0,0,,
2026-01-19,P08,practice,45.6,5.4,86.7,85,56,160.0,
2026-01-20,P08,practice,68.9,5.2,134.1,70,86,165.0,
2026-01-21,P08,conditioning,40.8,6.6,70.7,41,26,153.0,
2026-01-22,P08,lift,36.0,4.9,39.8,0,11,137.0,
2026-01-23,P08,practice,71.0,7.0,159.3,111,76,156.0,
2026-01-24,P08,game,30.2,6.8,66.3,43,35,151.0,
2026-01-25,P08,off,0.0,0.0,0.0,0,0,,
2026-01-26,P08,practice,66.9,5.8,163.2,131,71,156.0,
2026-01-27,P08,practice,63.7,7.2,168.3,95,69,141.0,
2026-01-28,P08,conditioning,27.6,7.1,44.4,7,26,,
2026-01-29,P08,lift,35.8,4.3,38.8,36,9,139.0,
2026-01-30,P08,practice,62.6,5.9,145.2,88,75,171.0,
2026-01-31,P08,game,25.4,7.5,70.0,53,35,161.0,
2026-02-01,P08,off,0.0,0.0,0.0,0,0,,
2025-12-08,P09,practice,66.3,6.0,141.7,97,87,170.0,
2025-12-09,P09,practice,98.2,4.5,190.1,71,79,158.0,
2025-12-10,P09,conditioning,65.9,6.0,118.1,56,23,146.0,
2025-12-11,P09,lift,40.7,3.9,34.8,54,20,114.0,
2025-12-12,P09,practice,91.7,4.1,181.5,83,82,158.0,
2025-12-13,P09,game,22.5,8.0,56.3,5,42,162.0,
2025-12-14,P09,off,0.0,0.0,0.0,0,0,,
2025-12-15,P09,practice,71.9,4.2,149.2,63,74,165.0,
2025-12-16,P09,practice,94.8,5.7,217.5,108,79,161.0,
2025-12-17,P09,conditioning,57.1,5.6,95.8,68,26,146.0,
2025-12-18,P09,lift,49.9,2.7,61.1,54,3,124.0,
2025-12-19,P09,practice,46.9,3.6,114.1,54,51,144.0,
2025-12-20,P09,game,29.4,7.4,76.2,51,39,141.0,
2025-12-21,P09,off,0.0,0.0,0.0,0,0,,
2025-12-22,P09,practice,75.6,5.7,149.5,72,52,146.0,
2025-12-23,P09,practice,81.6,6.4,179.0,65,82,176.0,
2025-12-24,P09,conditioning,57.5,8.2,121.3,59,15,158.0,
2025-12-25,P09,lift,45.5,2.8,48.5,15,0,124.0,
2025-12-26,P09,practice,89.3,6.0,176.0,69,80,151.0,
2025-12-27,P09,game,30.4,6.9,81.2,47,39,166.0,
2025-12-28,P09,off,0.0,0.0,0.0,0,0,,
2025-12-29,P09,practice,76.6,3.3,177.3,79,71,157.0,
2025-12-30,P09,practice,64.4,5.9,140.3,111,58,142.0,
2025-12-31,P09,conditioning,25.3,6.0,42.4,21,9,158.0,
2026-01-01,P09,lift,43.4,4.0,46.8,17,13,117.0,
2026-01-02,P09,practice,69.5,5.1,138.7,93,48,133.0,
2026-01-03,P09,game,28.7,8.7,71.0,65,33,167.0,
2026-01-04,P09,off,0.0,0.0,0.0,0,0,,
2026-01-05,P09,practice,56.7,6.7,114.3,77,65,162.0,
2026-01-06,P09,practice,93.5,6.1,230.0,144,57,155.0,
2026-01-07,P09,conditioning,75.7,5.7,159.2,69,11,143.0,
2026-01-08,P09,lift,40.1,5.7,44.8,28,28,123.0,
2026-01-09,P09,practice,82.7,3.5,188.8,59,82,148.0,
2026-01-10,P09,game,27.2,8.8,66.6,48,41,138.0,
2026-01-11,P09,off,0.0,0.0,0.0,0,0,,
2026-01-12,P09,practice,88.4,8.1,173.1,72,60,156.0,
2026-01-13,P09,practice,80.2,5.9,164.3,91,70,173.0,
2026-01-14,P09,conditioning,62.3,5.1,136.7,70,26,157.0,
2026-01-15,P09,lift,62.4,6.1,77.2,20,14,135.0,
2026-01-16,P09,practice,114.5,5.1,252.9,175,74,162.0,
2026-01-17,P09,game,35.4,7.7,102.8,32,36,132.0,
2026-01-18,P09,off,0.0,0.0,0.0,0,0,,
2026-01-19,P09,practice,93.6,4.1,187.6,123,96,153.0,
2026-01-20,P09,practice,101.3,5.6,204.7,77,75,152.0,
2026-01-21,P09,conditioning,46.2,8.2,84.7,46,51,136.0,
2026-01-22,P09,lift,51.7,3.4,60.0,33,7,126.0,
2026-01-23,P09,practice,99.5,4.7,234.4,142,53,133.0,
2026-01-24,P09,game,27.3,8.5,79.3,30,38,152.0,
2026-01-25,P09,off,0.0,0.0,0.0,0,0,,
2026-01-26,P09,practice,64.2,4.7,134.5,43,63,147.0,
2026-01-27,P09,practice,70.8,5.4,140.1,83,71,153.0,
2026-01-28,P09,conditioning,48.9,5.1,64.2,56,6,161.0,
2026-01-29,P09,lift,47.4,5.9,57.4,20,9,122.0,
2026-01-30,P09,practice,73.4,3.9,156.4,81,61,168.0,
2026-01-31,P09,game,22.2,7.3,54.4,24,42,165.0,
2026-02-01,P09,off,0.0,0.0,0.0,0,0,,
2025-12-08,P10,practice,93.4,6.2,231.5,141,47,158.0,
2025-12-09,P10,practice,97.4,4.8,228.8,121,72,169.0,
2025-12-10,P10,conditioning,47.9,6.1,98.2,58,20,155.0,
2025-12-11,P10,lift,47.1,3.8,45.1,24,6,126.0,
2025-12-12,P10,practice,96.6,5.3,194.2,113,51,156.0,
2025-12-13,P10,game,35.2,7.8,69.0,61,45,161.0,
2025-12-14,P10,off,0.0,0.0,0.0,0,0,,
2025-12-15,P10,practice,79.6,4.9,196.5,119,69,139.0,
2025-12-16,P10,practice,111.1,4.6,236.0,131,78,135.0,
2025-12-17,P10,conditioning,53.3,6.5,88.4,34,26,152.0,
2025-12-18,P10,lift,40.9,6.8,46.9,64,30,142.0,
2025-12-19,P10,practice,81.8,4.9,173.5,62,65,158.0,
2025-12-20,P10,game,27.1,8.7,70.0,30,57,173.0,
2025-12-21,P10,off,0.0,0.0,0.0,0,0,,
2025-12-22,P10,practice,81.2,4.5,146.8,88,61,160.0,
2025-12-23,P10,practice,91.8,5.0,159.8,67,62,151.0,
2025-12-24,P10,conditioning,62.1,6.0,127.2,84,13,130.0,
2025-12-25,P10,lift,61.1,2.9,56.2,29,17,131.0,
2025-12-26,P10,practice,93.9,4.9,233.4,131,55,156.0,
2025-12-27,P10,game,33.9,6.9,109.6,65,54,140.0,
2025-12-28,P10,off,0.0,0.0,0.0,0,0,,
2025-12-29,P10,practice,43.1,5.6,78.5,64,52,,
2025-12-30,P10,practice,68.1,5.9,156.9,93,75,153.0,
2025-12-31,P10,conditioning,30.5,7.7,54.0,53,26,155.0,
2026-01-01,P10,lift,53.4,4.7,60.1,19,3,114.0,
2026-01-02,P10,practice,71.8,7.5,129.2,24,45,146.0,
2026-01-03,P10,game,21.2,7.2,43.2,33,39,166.0,
2026-01-04,P10,off,0.0,0.0,0.0,0,0,,
2026-01-05,P10,practice,125.6,6.9,265.8,166,67,143.0,
2026-01-06,P10,practice,88.3,4.8,203.3,121,65,143.0,
2026-01-07,P10,conditioning,65.6,6.4,108.2,87,21,152.0,
2026-01-08,P10,lift,60.0,5.1,44.8,6,0,117.0,
2026-01-09,P10,practice,101.3,5.4,207.7,98,56,151.0,
2026-01-10,P10,game,29.9,8.5,65.7,21,63,163.0,
2026-01-11,P10,off,0.0,0.0,0.0,0,0,,
2026-01-12,P10,practice,95.4,4.7,196.6,117,58,142.0,
2026-01-13,P10,practice,102.8,5.7,243.3,133,66,158.0,
2026-01-14,P10,conditioning,57.7,6.4,103.3,74,8,154.0,
2026-01-15,P10,lift,62.6,3.1,65.9,33,6,122.0,
2026-01-16,P10,practice,87.4,6.2,201.1,112,76,165.0,
2026-01-17,P10,game,23.5,7.8,53.4,23,43,148.0,
2026-01-18,P10,off,0.0,0.0,0.0,0,0,,
2026-01-19,P10,practice,83.5,5.6,159.7,83,71,156.0,
2026-01-20,P10,practice,82.8,4.8,164.8,119,44,144.0,
2026-01-21,P10,conditioning,49.7,7.2,76.4,22,31,152.0,
2026-01-22,P10,lift,31.8,5.2,33.6,37,7,124.0,
2026-01-23,P10,practice,73.4,4.9,155.1,113,78,149.0,
2026-01-24,P10,game,18.6,6.8,46.8,33,43,156.0,
2026-01-25,P10,off,0.0,0.0,0.0,0,0,,
2026-01-26,P10,practice,60.4,4.7,131.7,84,70,174.0,
2026-01-27,P10,practice,52.8,5.7,117.7,82,53,150.0,
2026-01-28,P10,conditioning,17.5,7.3,35.5,0,11,158.0,
2026-01-29,P10,lift,56.6,5.2,59.0,59,9,134.0,
2026-01-30,P10,practice,65.1,5.6,141.7,114,53,148.0,
2026-01-31,P10,game,34.8,6.1,78.2,13,45,156.0,
2026-02-01,P10,off,0.0,0.0,0.0,0,0,,
